Date,state,actual.cases,,,,,,,,,,,
2/12/20,TX,1,4,93,,0.529,0,1.06,1.06,0,0,0,0
2/13/20,TX,2,4,93,1,0.529,0,1.06,1.06,0,0,0,0
2/14/20,TX,2,4,93,0,0.529,0,1.06,1.06,0,0,0,0
2/15/20,TX,2,4,93,0,0.529,0,1.07,1.05,0,0,0,0
2/16/20,TX,2,4,93,0,0.529,0,1.08,1.05,0,0,0,0
2/17/20,TX,2,4,93,0,0.529,0,1.1,1.06,0,0,0,0
2/18/20,TX,2,4,93,0,0.529,0,1.11,1.06,0,0,0,0
2/19/20,TX,2,4,93,0,0.529,0,1.13,1.08,0,0,0,0
2/20/20,TX,2,4,93,0,0.529,0,1.15,1.09,0,0,0,0
2/21/20,TX,4,4,93,2,0.529,0,1.17,1.09,0,0,0,0
2/22/20,TX,4,4,93,0,0.529,0,1.2,1.08,0,0,0,0
2/23/20,TX,4,4,93,0,0.529,0,1.23,1.07,0,0,0,0
2/24/20,TX,10,4,93,6,0.529,0,1.26,1.06,0,0,0,0
2/25/20,TX,10,4,93,0,0.529,0,1.29,1.05,0,0,0,0
2/26/20,TX,10,4,93,0,0.529,0,1.32,1.03,0,0,0,0
2/27/20,TX,10,4,93,0,0.529,0,1.36,1.01,0,0,0,0
2/28/20,TX,11,4,93,1,0.529,0,1.41,1,0,0,0,0
2/29/20,TX,11,4,93,0,0.529,0,1.46,0.97,0,0,0,0
3/1/20,TX,11,4,93,0,0.529,0,1.52,0.95,0,0,0,0
3/2/20,TX,11,7,2,0,0.529,0,1.58,0.91,0,0,0,0
3/3/20,TX,11,13,6,0,0.529,0,1.64,0.89,0,0,3,0
3/4/20,TX,12,21,16,1,0.447,0,1.7,0.88,0,0,3,0
3/5/20,TX,16,1,26,4,,0,1.76,0.82,0,0,3,0
3/6/20,TX,19,1,45,3,0.283,0,1.83,0.77,0,0,3,0
3/7/20,TX,19,1,45,0,0.27,0,1.9,0.7,0,0,3,0
3/8/20,TX,23,1,45,4,0.258,0,1.96,0.65,0,0,3,0
3/9/20,TX,24,2,54,1,0.252,0,2.02,0.57,0,0,3,0
3/10/20,TX,31,3,59,7,0.18,0,2.07,0.59,0,0,3,0.1
3/11/20,TX,33,5,91,2,0.059,0,2.12,0.62,0,0,1,0.1
3/12/20,TX,41,11,116,8,0.1,0,2.16,0.6,0,0,3,0.1
3/13/20,TX,58,25,181,17,0.15,0,2.18,0.48,0,0,3,0.1
3/14/20,TX,69,34,248,11,0.142,0,2.2,0.39,0,0,3,0.2
3/15/20,TX,80,40,342,11,0.118,0,2.21,0.32,0,0,3,0.2
3/16/20,TX,87,46,403,7,0.112,0,2.2,0.31,0,0,3,0.2
3/17/20,TX,106,119,965,19,0.114,0,2.18,0.29,0,0,3,0.3
3/18/20,TX,166,259,2530,,0.094,,2.16,0.25,0,0,2,
3/19/20,TX,248,453,4624,82,0.089,0.1,2.12,0.21,0,0,2,0.6
3/20/20,TX,386,648,6861,138,0.085,0.2,2.08,0.16,0,0,2,1.1
3/21/20,TX,547,841,9248,161,0.082,0.2,2.03,0.12,0,0,2,1.7
3/22/20,TX,639,1016,10584,92,0.087,0.3,1.98,0.1,0,0,2,2
3/23/20,TX,728,1375,12314,89,0.1,0.3,1.93,0.11,0,0,3,2.3
3/24/20,TX,857,1950,15894,129,0.109,0.4,1.87,0.1,0,0,3,2.8
3/25/20,TX,1132,2490,19341,275,0.117,0.5,1.81,0.1,0,0,3,3.3
3/26/20,TX,1542,3244,23207,410,0.131,0.6,1.76,0.1,0,0,3,4.5
3/27/20,TX,1971,3886,26372,429,0.142,0.8,1.7,0.1,0,0,3,5.5
3/28/20,TX,2381,4329,29366,410,0.148,0.9,1.65,0.1,0,0,3,6.3
3/29/20,TX,2722,5082,34645,341,0.145,1,1.6,0.1,0,0,3,7.2
3/30/20,TX,3065,5530,37377,343,0.142,1.2,1.55,0.1,3,1,3,8.1
3/31/20,TX,3588,6149,42319,523,0.137,1.3,1.51,0.1,3,1,3,9.4
4/1/20,TX,4402,6658,47066,814,0.131,1.6,1.46,0.1,3,1,3,11.3
4/2/20,TX,4952,7129,50648,550,0.124,1.7,1.42,0.1,3,1,3,11.8
4/3/20,TX,5773,7681,54840,821,0.118,1.9,1.38,0.1,3,1,3,13.1
4/4/20,TX,6566,8210,58502,793,0.118,2.1,1.34,0.1,3,1,3,14.4
4/5/20,TX,7117,9031,63756,551,0.119,2.2,1.3,0.1,3,1,3,15.2
4/6/20,TX,8150,9842,67816,1033,0.124,2.5,1.26,0.1,3,1,3,17.5
4/7/20,TX,8968,10729,72904,818,0.13,2.7,1.23,0.1,3,1,3,18.6
4/8/20,TX,9897,11473,76750,929,0.14,2.7,1.19,0.1,3,1,3,19
4/9/20,TX,11372,12216,81063,1475,0.143,3.2,1.16,0.1,3,1,3,22.1
4/10/20,TX,12291,13223,87136,919,0.146,3.2,1.13,0.1,2,1,3,22.5
4/11/20,TX,13208,14081,94035,917,0.142,3.3,1.11,0.1,2,1,3,22.9
4/12/20,TX,13776,15058,101920,568,0.136,3.3,1.09,0.1,2,1,3,23
4/13/20,TX,14487,15685,106305,711,0.132,3.1,1.07,0.1,2,1,3,21.9
4/14/20,TX,15303,16219,110139,816,0.128,3.1,1.05,0.1,2,1,3,21.8
4/15/20,TX,16106,18180,115072,803,0.149,3.1,1.04,0.1,2,1,3,21.4
4/16/20,TX,16928,18846,119712,822,0.146,2.7,1.03,0.1,2,1,3,19.2
4/17/20,TX,18131,19552,125291,1203,0.142,2.9,1.02,0.1,2,1,3,20.1
4/18/20,TX,18927,20180,130077,796,0.145,2.8,1.02,0.1,2,1,3,19.7
4/19/20,TX,19441,20567,133788,514,0.147,2.8,1.02,0.1,2,1,3,19.5
4/20/20,TX,20035,21467,139526,594,0.148,2.7,1.02,0.1,2,1,3,19.1
4/21/20,TX,20949,23603,157919,914,0.134,2.8,1.03,0.1,2,1,3,19.5
4/22/20,TX,21769,24745,166758,820,0.113,2.8,1.03,0.1,2,1,3,19.5
4/23/20,TX,22706,25578,173660,937,0.111,2.8,1.04,0.1,2,1,3,19.9
4/24/20,TX,23650,27620,190356,944,0.11,2.7,1.05,0.1,2,1,3,19
4/25/20,TX,24494,28834,199179,844,0.111,2.7,1.05,0.1,2,1,3,19.2
4/26/20,TX,25209,29709,205735,715,0.113,2.8,1.06,0.1,2,1,3,19.9
4/27/20,TX,25963,30942,214433,754,0.112,2.9,1.07,0.1,2,1,3,20.4
4/28/20,TX,26868,31720,220189,905,0.115,2.9,1.07,0.1,2,1,3,20.4
4/29/20,TX,27839,33578,235066,971,0.115,3,1.08,0.1,2,1,3,20.9
4/30/20,TX,29072,35179,250837,1233,0.111,3.1,1.08,0.1,2,1,3,22
5/1/20,TX,30342,36801,265256,1270,0.109,3.3,1.09,0.1,2,1,3,23.1
5/2/20,TX,31433,38028,277788,1091,0.105,3.4,1.09,0.1,2,1,3,23.9
5/3/20,TX,32299,38825,285592,866,0.102,3.5,1.09,0.1,2,1,3,24.5
5/4/20,TX,33134,40074,299886,835,0.097,3.5,1.09,0.1,1,1,2,24.7
5/5/20,TX,34286,41080,312723,1152,0.092,3.7,1.09,0.1,1,1,2,25.6
5/6/20,TX,35441,42703,328336,1155,0.089,3.7,1.08,0.1,1,1,2,26.2
5/7/20,TX,36682,44617,349385,1241,0.087,3.7,1.08,0.1,1,1,2,26.2
5/8/20,TX,37943,48106,403434,1261,0.076,3.7,1.07,0.1,1,1,1,26.2
5/9/20,TX,38849,50547,424893,906,0.078,3.7,1.06,0.1,1,1,1,25.6
5/10/20,TX,40037,52938,447929,1188,0.08,3.8,1.05,0.1,1,1,2,26.7
5/11/20,TX,40988,54233,462593,951,0.08,3.9,1.04,0.1,1,1,2,27.1
5/12/20,TX,42348,56867,491039,1360,0.081,4,1.04,0.1,1,1,2,27.8
5/13/20,TX,43822,59047,517284,1474,0.08,4.1,1.03,0.1,1,1,2,28.9
5/14/20,TX,45169,61040,542724,1347,0.078,4.2,1.02,0.1,1,1,1,29.3
5/15/20,TX,46987,62957,561496,1818,0.086,4.5,1.01,0.1,1,1,2,31.2
5/16/20,TX,47866,64893,580616,879,0.084,4.4,1.01,0.1,1,1,2,31.1
5/17/20,TX,48828,66715,601139,962,0.083,4.3,1.01,0.1,1,1,2,30.3
5/18/20,TX,49788,68327,618181,960,0.083,4.3,1.01,0.1,1,1,2,30.3
5/19/20,TX,51080,70718,645733,1292,0.082,4.3,1.01,0.1,1,1,2,30.1
5/20/20,TX,52369,72806,670209,1289,0.083,4.2,1.01,0.1,1,1,2,29.5
5/21/20,TX,53441,74452,692185,1072,0.082,4.1,1.02,0.1,1,1,2,28.5
5/22/20,TX,54369,75987,710899,928,0.08,3.6,1.03,0.1,1,1,2,25.5
5/23/20,TX,55451,77428,729278,1082,0.078,3.7,1.04,0.1,1,1,1,26.2
5/24/20,TX,56050,80370,758207,599,0.08,3.6,1.05,0.1,1,1,2,24.9
5/25/20,TX,56490,84015,797222,440,0.081,3.3,1.06,0.1,1,1,2,23.1
5/26/20,TX,57573,88646,839887,1083,0.085,3.2,1.07,0.1,1,1,2,22.4
5/27/20,TX,59105,91907,887533,1532,0.081,3.3,1.09,0.1,1,1,2,23.2
5/28/20,TX,60820,94293,916103,1715,0.081,3.6,1.1,0.1,1,1,2,25.4
5/29/20,TX,62073,96958,944628,1253,0.082,3.8,1.11,0.1,1,1,2,26.6
5/30/20,TX,63396,101061,981809,1323,0.086,3.9,1.12,0.1,1,1,2,27.4
5/31/20,TX,64974,103037,1009953,1578,0.083,4.4,1.14,0.1,1,1,2,30.8
6/1/20,TX,66081,106219,1043111,1107,0.083,4.7,1.15,0.1,1,1,2,33.1
6/2/20,TX,67966,110039,1086782,1885,0.08,5.1,1.16,0.1,1,1,2,35.8
6/3/20,TX,69546,114050,1128802,1580,0.084,5.1,1.17,0.1,1,1,2,36
6/4/20,TX,71330,120682,1190597,1784,0.088,5.2,1.18,0.1,1,1,2,36.2
6/5/20,TX,73323,123748,1222703,1993,0.088,5.5,1.19,0.1,2,1,2,38.8
6/6/20,TX,75077,125800,1246664,1754,0.085,5.8,1.2,0.1,2,1,2,40.3
6/7/20,TX,75948,128051,1285077,871,0.083,5.4,1.21,0.1,2,1,2,37.8
6/8/20,TX,77326,131049,1299876,1378,0.088,5.5,1.22,0.1,2,1,2,38.8
6/9/20,TX,79271,133543,1323141,1945,0.09,5.6,1.24,0.1,2,1,2,39
6/10/20,TX,81771,135353,1349706,2500,0.088,6,1.25,0.1,2,1,2,42.2
6/11/20,TX,83772,138870,1382156,2001,0.087,6.1,1.26,0.1,2,1,2,42.9
6/12/20,TX,86031,141371,1408560,2259,0.087,6.3,1.27,0.1,2,1,2,43.8
6/13/20,TX,88120,146327,1439256,2089,0.096,6.4,1.28,0.1,2,1,2,45
6/14/20,TX,89542,151897,1465716,1422,0.117,6.7,1.29,0.1,2,1,3,46.9
6/15/20,TX,91726,158410,1499363,2184,0.121,7.1,1.3,0.1,2,1,3,49.7
6/16/20,TX,95973,170261,1558141,4247,0.135,8.2,1.3,0.1,2,1,3,57.6
6/17/20,TX,99466,180045,1619602,3493,0.142,8.7,1.31,0.1,2,1,3,61
6/18/20,TX,102677,192478,1684412,3211,0.151,9.3,1.31,0.1,2,1,3,65.2
6/19/20,TX,107322,205786,1743874,4645,0.161,10.5,1.31,0.1,2,2,3,73.4
6/20/20,TX,111594,213674,1787943,4272,0.162,11.6,1.3,0.1,2,2,3,81
6/21/20,TX,114886,218455,1808535,3292,0.163,12.5,1.3,0.1,2,2,3,87.4
6/22/20,TX,119646,225567,1836526,4760,0.166,13.8,1.29,0.1,2,2,3,96.3
6/23/20,TX,124726,231896,1862380,5080,0.168,14.2,1.28,0.1,2,2,3,99.2
6/24/20,TX,131310,238138,1889333,6584,0.177,15.7,1.27,0.1,2,2,3,109.8
6/25/20,TX,136783,246760,1921412,5473,0.186,16.8,1.26,0.1,2,2,3,117.6
6/26/20,TX,142582,262740,1977632,5799,0.196,17.4,1.25,0.1,2,2,3,121.6
6/27/20,TX,148639,275268,2029396,6057,0.203,18.3,1.24,0.1,3,2,3,127.8
6/28/20,TX,152866,286755,2081543,4227,0.2,18.7,1.23,0.1,2,2,3,131
6/29/20,TX,158756,296914,2114327,5890,0.204,19.3,1.22,0.1,3,2,3,134.9
6/30/20,TX,166703,315182,2178978,7947,0.208,20.7,1.21,0.1,3,2,3,144.8
7/1/20,TX,174826,336846,2246521,8123,0.217,21.4,1.2,0.1,3,2,3,150.1
7/2/20,TX,182260,356228,2307809,7434,0.221,22.4,1.19,0.1,3,2,3,156.8
7/3/20,TX,190049,373723,2367584,7789,0.222,23.4,1.19,0.1,3,2,3,163.7
7/4/20,TX,195707,391993,2422373,5658,0.229,23.2,1.18,0.1,3,2,3,162.3
7/5/20,TX,200137,409835,2473555,4430,0.239,23.3,1.17,0.1,3,2,3,163
7/6/20,TX,209350,429804,2529526,9213,0.242,24.9,1.16,0.1,3,2,3,174.5
7/7/20,TX,219164,451418,2597936,9814,0.245,25.8,1.15,0.1,3,3,3,180.9
7/8/20,TX,229116,476136,2673975,9952,0.246,26.7,1.14,0.1,3,3,3,187.2
7/9/20,TX,240025,501046,2768864,10909,0.239,28.5,1.13,0.1,3,3,3,199.2
7/10/20,TX,249948,526189,2860590,9923,0.236,29.5,1.11,0.1,3,3,3,206.6
7/11/20,TX,258280,547913,2926875,8332,0.236,30.8,1.1,0.1,3,3,3,215.8
7/12/20,TX,264811,569310,3004408,6531,0.231,31.9,1.09,0.1,3,3,3,223
7/13/20,TX,273732,588393,3069050,8921,0.227,31.7,1.07,0.1,3,3,3,222
7/14/20,TX,284638,612430,3158757,10906,0.223,32.3,1.06,0.1,3,3,3,225.8
7/15/20,TX,296478,631673,3230669,11840,0.218,33.2,1.04,0.1,3,3,3,232.3
7/16/20,TX,311516,648382,3298915,15038,0.218,35.2,1.03,0.1,3,3,3,246.6
7/17/20,TX,321254,669315,3374161,9738,0.218,35.1,1.02,0.1,3,3,3,245.9
7/18/20,TX,330059,687870,3442578,8805,0.213,35.4,1,0.1,3,3,3,247.5
7/19/20,TX,338036,701583,3493050,7977,0.213,36.1,0.99,0.1,3,3,3,252.5
7/20/20,TX,345672,717673,3550577,7636,0.212,35.4,0.98,0.1,3,3,3,248.1
7/21/20,TX,355594,736361,3619725,9922,0.212,35,0.97,0.1,3,3,3,244.7
7/22/20,TX,366561,754913,3690849,10967,0.211,34.5,0.96,0.1,3,3,3,241.7
7/23/20,TX,376104,770226,3755080,9543,0.211,31.8,0.96,0.1,3,3,3,222.7
7/24/20,TX,383662,786705,3830749,7558,0.205,30.7,0.95,0.1,3,3,3,215.2
7/25/20,TX,391609,802834,3898779,7947,0.201,30.3,0.95,0.1,3,3,3,212.3
7/26/20,TX,395738,812772,3942670,4129,0.198,28.4,0.95,0.1,3,3,3,199
7/27/20,TX,402295,823454,3990770,6557,0.194,27.9,0.95,0.1,3,3,3,195.3
7/28/20,TX,412849,832646,4036855,10554,0.188,28.2,0.95,0.1,3,3,3,197.5
7/29/20,TX,421891,844131,4098419,9042,0.18,27.3,0.95,0.1,3,3,3,190.8
7/30/20,TX,432134,856736,4162770,10243,0.175,27.6,0.95,0.1,3,3,3,193.2
7/31/20,TX,443090,866049,4209932,10956,0.173,29.3,0.95,0.1,3,3,3,205
8/1/20,TX,448224,871428,4240537,5134,0.167,27.9,0.95,0.1,3,3,3,195.3
8/2/20,TX,454759,876777,4270723,6535,0.163,29.1,0.94,0.1,3,3,3,203.5
8/3/20,TX,463541,885752,4324147,8782,0.157,30.2,0.94,0.1,3,3,3,211.2
8/4/20,TX,473105,892790,4366792,9564,0.154,29.7,0.94,0.1,3,3,3,207.8
8/5/20,TX,482467,898704,4404699,9362,0.151,29.8,0.93,0.1,3,3,3,208.9
8/6/20,TX,490102,904234,4442214,7635,0.145,28.6,0.93,0.1,3,3,3,199.9
8/7/20,TX,498266,913224,4501881,8164,0.139,27.2,0.92,0.1,3,3,3,190.3
8/8/20,TX,504605,918750,4539724,6339,0.137,27.8,0.92,0.1,3,3,3,194.4
8/9/20,TX,510392,922488,4565478,5787,0.134,27.4,0.91,0.1,3,3,3,191.9
8/10/20,TX,517182,928722,4612024,6790,0.13,26.4,0.9,0.1,3,3,3,185
8/11/20,TX,524898,935163,4654391,7716,0.128,25.5,0.9,0.1,3,3,3,178.6
8/12/20,TX,531825,940521,4697198,6927,0.125,24.3,0.89,0.1,2,2,3,170.2
8/13/20,TX,538805,945079,4731499,6980,0.124,24,0.89,0.1,2,2,3,168
8/14/20,TX,546770,949992,4772618,7965,0.12,23.9,0.88,0.1,2,2,3,167.3
8/15/20,TX,554443,953715,4802866,7673,0.117,24.6,0.88,0.1,2,2,3,171.9
8/16/20,TX,557369,957245,4832952,2926,0.115,23.1,0.88,0.1,2,2,3,162
8/17/20,TX,561463,961451,4869049,4094,0.113,21.8,0.88,0.1,2,2,3,152.7
8/18/20,TX,569075,966450,4912973,7612,0.108,21.8,0.87,0.1,2,2,3,152.4
8/19/20,TX,574272,971459,4959794,5197,0.105,20.9,0.87,0.1,2,2,3,146.4
8/20/20,TX,579549,975884,5002568,5277,0.102,20.1,0.88,0.1,2,2,3,140.5
8/21/20,TX,584595,981221,5047065,5046,0.102,18.6,0.88,0.1,2,2,3,130.4
8/22/20,TX,589484,985471,5093416,4889,0.099,17.3,0.88,0.1,2,2,3,120.8
8/23/20,TX,592379,987376,5111875,2895,0.097,17.2,0.88,0.1,2,2,3,120.7
8/24/20,TX,597772,990884,5144830,5393,0.096,17.9,0.88,0.1,2,2,3,125.2
8/25/20,TX,603858,995119,5186417,6086,0.095,17.1,0.88,0.1,2,2,3,120
8/26/20,TX,609987,998983,5229483,6129,0.093,17.6,0.88,0.1,2,2,3,123.2
8/27/20,TX,613798,1003007,5268497,3811,0.093,16.9,0.89,0.1,2,2,3,118.1
8/28/20,TX,618643,1007530,5310674,4845,0.091,16.8,0.89,0.1,2,2,3,117.4
8/29/20,TX,623985,1011038,5344675,5342,0.092,17,0.89,0.1,2,2,3,119
8/30/20,TX,626698,1013900,5373835,2713,0.092,16.9,0.89,0.1,2,2,3,118.4
8/31/20,TX,630468,1016857,5412593,3770,0.088,16.1,0.9,0.1,2,2,3,112.8
9/1/20,TX,635685,1020843,5454703,5217,0.087,15.7,0.9,0.1,2,2,3,109.8
9/2/20,TX,639995,1024592,5500749,4310,0.086,14.8,0.9,0.1,2,2,3,103.5
9/3/20,TX,643472,1027892,5538896,3477,0.084,14.6,0.91,0.1,2,2,3,102.3
9/4/20,TX,648940,1031138,5573078,5468,0.083,14.9,0.91,0.1,2,2,3,104.5
9/5/20,TX,653397,1034025,5610312,4457,0.08,14.5,0.92,0.1,2,2,3,101.4
9/6/20,TX,655489,1036928,5637984,2092,0.08,14.2,0.93,0.1,2,2,2,99.3
9/7/20,TX,656360,1038509,5655900,871,0.082,12.8,0.93,0.1,2,2,2,89.3
9/8/20,TX,660578,1039774,5671147,4218,0.08,12.3,0.94,0.1,2,2,2,85.9
9/9/20,TX,665300,1041361,5694959,4722,0.079,12.5,0.95,0.1,2,2,2,87.3
9/10/20,TX,668039,1043464,5726459,2739,0.077,12.1,0.96,0.1,2,2,2,84.7
9/11/20,TX,673446,1046135,5763457,5407,0.073,12.1,0.97,0.1,2,2,2,84.5
9/12/20,TX,676072,1048470,5797781,2626,0.072,11.2,0.98,0.1,2,2,2,78.2
9/13/20,TX,678517,1050504,5822370,2445,0.069,11.3,0.99,0.1,2,2,2,79.4
9/14/20,TX,683123,1052154,5841708,4606,0.068,13.2,1,0.1,2,2,2,92.3
9/15/20,TX,687707,1054200,5870129,4584,0.068,13.4,1,0.1,2,2,2,93.6
9/16/20,TX,692232,1057050,5907879,4525,0.069,13.3,1.01,0.1,2,2,2,92.9
9/17/20,TX,696621,1060833,5960513,4389,0.069,14.1,1.02,0.1,2,2,2,98.6
9/18/20,TX,699850,1064516,6014987,3229,0.068,13,1.02,0.1,2,2,2,91.1
9/19/20,TX,703112,1067530,6057800,3262,0.068,13.3,1.03,0.1,2,2,2,93.3
9/20/20,TX,706274,1069874,6091355,3162,0.067,13.7,1.03,0.1,2,2,2,95.7
9/21/20,TX,709095,1072152,6127381,,0.065,,1.03,0.1,2,2,2,
9/22/20,TX,713427,1075100,6185844,4332,0.062,13.2,1.03,0.1,2,2,2,92.1
9/23/20,TX,717909,1078750,6242637,4482,0.061,13.1,1.03,0.1,2,2,2,92
9/24/20,TX,722737,1082244,6296054,4828,0.06,13.4,1.03,0.1,2,2,2,93.7
9/25/20,TX,726002,1085800,6346683,3265,0.06,13.4,1.03,0.1,2,2,2,93.9
9/26/20,TX,729000,1088756,6389145,2998,0.06,13.3,1.03,0.1,2,2,2,92.8
9/27/20,TX,734897,1091850,6432184,5897,0.061,14.8,1.03,0.1,2,2,3,103.8
9/28/20,TX,738037,1094366,6466905,3140,0.061,14.3,1.03,0.1,2,2,3,99.8
9/29/20,TX,744901,1097543,6514209,6864,0.064,15.5,1.03,0.1,2,2,3,108.5
9/30/20,TX,748385,1101295,6568042,3484,0.065,15,1.03,0.1,2,2,3,105.1
10/1/20,TX,752424,1104628,6619098,4039,0.065,14.6,1.03,0.1,2,2,3,102.4
10/2/20,TX,755882,1108690,6673343,3458,0.065,14.7,1.03,0.1,2,2,3,103
10/3/20,TX,760129,1112422,6721416,4247,0.066,15.3,1.03,0.1,2,2,3,107.4
10/4/20,TX,763158,1115134,6753645,3029,0.068,13.9,1.04,0.1,2,2,2,97.5
10/5/20,TX,767253,1118091,6789321,4095,0.069,14.4,1.04,0.1,2,2,3,100.8
10/6/20,TX,771909,1121636,6837911,4656,0.069,13.3,1.04,0.1,2,2,2,93.1
10/7/20,TX,777884,1126861,6905749,5975,0.07,14.5,1.05,0.1,2,2,3,101.7
10/8/20,TX,782450,1131734,6974668,4566,0.071,14.8,1.05,0.1,2,2,3,103.6
10/9/20,TX,786959,1136971,7041159,4509,0.071,15.3,1.06,0.1,2,2,3,107.2
10/10/20,TX,790476,1141791,7098421,3517,0.072,15,1.07,0.1,2,2,3,104.7
10/11/20,TX,793468,1145197,7133855,2992,0.073,14.9,1.07,0.1,2,2,3,104.5
10/12/20,TX,797525,1149517,7176522,4057,0.075,14.9,1.08,0.1,2,2,3,104.4
10/13/20,TX,803034,1155509,7237900,5509,0.078,15.3,1.08,0.1,2,2,3,107.3
10/14/20,TX,808886,1161853,7310717,5852,0.08,15.3,1.09,0.1,2,2,3,106.9
10/15/20,TX,814695,1167871,7374610,5809,0.083,15.9,1.09,0.1,2,2,3,111.2
10/16/20,TX,820285,1174226,7442123,5590,0.085,16.4,1.1,0.1,2,2,3,114.9
10/17/20,TX,824711,1179297,7493616,4426,0.087,16.9,1.1,0.1,2,2,3,118.1
10/18/20,TX,830094,1184257,7537181,5383,0.088,18,1.1,0.1,2,2,3,126.3
10/19/20,TX,834798,1189998,7582103,4704,0.091,18.4,1.11,0.1,2,2,3,128.5
10/20/20,TX,840667,1197104,7647977,5869,0.092,18.5,1.11,0.1,2,2,3,129.8
10/21/20,TX,847139,1204927,7723802,6472,0.094,18.8,1.11,0.1,2,2,3,131.9
10/22/20,TX,852432,1212848,7800352,5293,0.096,18.6,1.11,0.1,2,2,3,130.1
10/23/20,TX,860108,1221308,7876109,7676,0.098,19.6,1.11,0.1,2,2,3,137.3
10/24/20,TX,867375,1228614,7936730,7267,0.1,21,1.12,0.1,2,2,3,147.1
10/25/20,TX,871310,1233867,7973977,3935,0.102,20.3,1.12,0.1,2,2,3,142.1
10/26/20,TX,877958,1240257,8021322,6648,0.103,21.3,1.12,0.1,2,2,3,148.8
10/27/20,TX,885193,1247186,8084168,7235,0.103,21.9,1.12,0.1,2,2,3,153.6
10/28/20,TX,892963,1256197,8165302,7770,0.104,22.6,1.12,0.1,2,2,3,158
10/29/20,TX,900073,1265166,8242555,7110,0.106,23.5,1.12,0.1,2,2,3,164.3
10/30/20,TX,906741,1274203,8322242,6668,0.106,23,1.12,0.1,2,2,3,160.8
10/31/20,TX,914169,1282438,8386083,7428,0.107,23.1,1.13,0.1,2,2,3,161.4
11/1/20,TX,918507,1288745,8429629,4338,0.107,23.3,1.13,0.1,2,2,3,162.8
11/2/20,TX,926498,1296687,8480595,7991,0.109,23.9,1.13,0.1,2,2,3,167.4
11/3/20,TX,935010,1306886,8556098,8512,0.112,24.5,1.13,0.1,2,2,3,171.8
11/4/20,TX,945637,1317626,8644147,10627,0.114,26,1.13,0.1,3,3,3,181.7
11/5/20,TX,954612,1328013,8728297,8975,0.115,26.9,1.13,0.1,3,3,3,188.1
11/6/20,TX,964626,1339371,8818271,10014,0.116,28.5,1.13,0.1,3,3,3,199.6
11/7/20,TX,970555,1350279,8892320,5929,0.118,27.8,1.13,0.1,3,3,3,194.5
11/8/20,TX,977490,1359056,8940219,6935,0.121,29.1,1.13,0.1,3,3,3,203.4
11/9/20,TX,987288,1368546,8994067,9798,0.123,30,1.13,0.1,3,3,3,209.7
11/10/20,TX,998932,1378563,9051839,11644,0.126,31.5,1.12,0.1,3,3,3,220.5
11/11/20,TX,1011789,1393330,9118267,12857,0.138,32.6,1.12,0.1,3,3,3,228.1
11/12/20,TX,1021516,1407816,9209552,9727,0.142,33,1.11,0.1,3,3,3,230.7
11/13/20,TX,1034100,1421639,9300984,12584,0.146,34.2,1.11,0.1,3,3,3,239.6
11/14/20,TX,1043850,1433587,9383702,9750,0.145,36.1,1.1,0.1,3,3,3,252.8
11/15/20,TX,1051218,1442994,9443431,7368,0.143,36.3,1.09,0.1,3,3,3,254.3
11/16/20,TX,1062499,1454080,9512369,11281,0.142,37.1,1.08,0.1,3,3,3,259.4
11/17/20,TX,1073394,1464075,9592877,10895,0.136,36.7,1.08,0.1,3,3,3,256.8
11/18/20,TX,1086616,1478179,9695694,13222,0.128,36.9,1.07,0.1,3,3,3,258.1
11/19/20,TX,1100394,1491931,9800549,13778,0.125,38.9,1.06,0.1,3,3,3,272
11/20/20,TX,1114081,1506472,9917017,13687,0.121,39.4,1.06,0.1,3,3,3,275.8
11/21/20,TX,1124985,1518150,10014066,10904,0.118,40,1.05,0.1,3,3,3,279.8
11/22/20,TX,1133479,1528779,10095974,8494,0.116,40.5,1.05,0.1,3,3,3,283.7
11/23/20,TX,1144552,1541101,10189517,11073,0.114,40.4,1.05,0.1,3,3,3,283
11/24/20,TX,1165084,1555576,10308459,20532,0.113,45.2,1.05,0.1,3,3,3,316.2
11/25/20,TX,1180001,1571486,10435830,14917,0.112,46,1.04,0.1,3,3,3,322.1
11/26/20,TX,1184611,1583021,10527903,4610,0.111,41.5,1.04,0.1,3,3,3,290.4
11/27/20,TX,1189232,1594273,10604135,4621,0.113,37,1.05,0.1,3,3,3,259.2
11/28/20,TX,1195458,1604902,10668699,6226,0.117,34.7,1.05,0.1,3,3,3,243
11/29/20,TX,1207601,1613943,10714396,12143,0.121,36.5,1.05,0.1,3,3,3,255.6
11/30/20,TX,1222661,1626912,10783486,15060,0.126,38.5,1.05,0.1,3,3,3,269.4
12/1/20,TX,1236013,1640170,10872245,13352,0.13,34.9,1.05,0.1,3,3,3,244.6
12/2/20,TX,1254557,1656427,10982303,18544,0.135,36.7,1.05,0.1,3,3,3,257.1
12/3/20,TX,1272469,1672409,11089169,17912,0.137,43.3,1.05,0.1,3,3,3,303
12/4/20,TX,1286573,1688818,11201398,14104,0.137,48,1.06,0.1,3,3,3,335.7
12/5/20,TX,1297748,1701810,11291126,11175,0.135,50.4,1.06,0.1,3,3,3,352.8
12/6/20,TX,1306967,1712862,11363635,9219,0.132,49,1.06,0.1,3,3,3,342.7
12/7/20,TX,1321788,1723261,11432150,14821,0.129,48.8,1.06,0.1,3,3,3,341.9
12/8/20,TX,1335678,1738407,11535181,13890,0.129,49.1,1.06,0.1,3,3,3,343.7
12/9/20,TX,1350945,1755334,11646032,15267,0.13,47.5,1.05,0.1,3,3,3,332.4
12/10/20,TX,1364077,1771556,11764344,13132,0.128,45.1,1.05,0.1,3,3,3,315.9
12/11/20,TX,1422323,1785762,11865837,,0.127,,1.05,0.1,3,3,3,
12/12/20,TX,1433798,1799108,11951568,11475,0.128,44.7,1.05,0.1,3,3,3,313
12/13/20,TX,1440523,1811863,12024920,6725,0.13,43.3,1.05,0.1,3,3,3,303
12/14/20,TX,1454125,1825645,12105469,13602,0.132,42.6,1.04,0.1,3,3,3,298.1
12/15/20,TX,1473786,1841184,12197255,19661,0.134,45.9,1.04,0.1,3,3,3,321.3
12/16/20,TX,1495540,1858377,12304490,21754,0.135,49.6,1.04,0.1,3,3,3,347.4
12/17/20,TX,1512051,1874248,12404892,16511,0.138,51.6,1.04,0.1,3,3,3,361
12/18/20,TX,1531397,1891700,12515167,19346,0.14,53.7,1.04,0.1,3,3,3,376.2
12/19/20,TX,1544773,1906532,12610513,13376,0.14,54.7,1.04,0.1,3,3,3,382.7
12/20/20,TX,1552603,1922395,12691982,7830,0.142,55.2,1.04,0.1,3,3,3,386.5
12/21/20,TX,1569486,1937275,12772790,16883,0.143,56.8,1.04,0.1,3,3,3,397.9
12/22/20,TX,1591604,1957699,12882330,22118,0.145,58,1.04,0.1,3,3,3,406.3
12/23/20,TX,1612278,1977015,12998171,20674,0.146,57.5,1.05,0.1,3,3,3,402.6
12/24/20,TX,1620269,1992505,13089703,7991,0.147,53.3,1.06,0.1,3,3,3,373.2
12/25/20,TX,1622337,2005436,13148107,2068,0.152,44.8,1.06,0.1,3,3,3,313.6
12/26/20,TX,1628070,2019701,13195671,5733,0.162,41,1.07,0.1,3,3,3,287.3
12/27/20,TX,1650739,2035038,13257836,22669,0.166,48.3,1.08,0.1,3,3,3,338.4
12/28/20,TX,1671207,2051526,13320125,20468,0.173,50.1,1.08,0.1,3,3,3,350.8
12/29/20,TX,1694986,2077067,13415156,23779,0.183,50.9,1.09,0.1,3,3,3,356.5
12/30/20,TX,1714404,2103637,13527267,19418,0.193,50.3,1.1,0.1,3,3,3,352.2
12/31/20,TX,1731245,2127917,13631435,16841,0.2,54.7,1.1,0.1,3,3,3,382.7
1/1/21,TX,1739024,2150333,13712799,7779,0.204,57.5,1.11,0.1,3,3,3,402.4
1/2/21,TX,1753081,2165662,13770762,14057,0.202,61.6,1.11,0.1,3,3,3,431.1
1/3/21,TX,1769100,2180708,13825109,16019,0.204,58.3,1.11,0.1,3,3,3,408.2
1/4/21,TX,1792204,2198722,13889276,23104,0.205,59.6,1.1,0.1,3,3,3,417.3
1/5/21,TX,1823196,2220656,13979669,30992,0.203,63.2,1.1,0.1,3,3,3,442.2
1/6/21,TX,1848518,2249653,14105559,25322,0.202,66.1,1.09,0.1,3,3,3,462.5
1/7/21,TX,1871144,2279866,14231043,22626,0.202,68.9,1.08,0.1,3,3,3,482.5
1/8/21,TX,1895222,2306582,14350766,24078,0.197,77,1.07,0.1,5,5,3,538.7
1/9/21,TX,1912765,2331412,14458505,17543,0.194,78.7,1.05,0.1,5,5,3,550.7
1/10/21,TX,1926799,2349759,14531601,14034,0.193,77.7,1.04,0.1,5,5,3,543.9
1/11/21,TX,1950539,2369133,14616403,23740,0.19,78,1.02,0.1,5,5,3,546.1
1/12/21,TX,1977754,2395786,14736871,27215,0.188,76.1,1.01,0.1,5,5,3,533
1/13/21,TX,2000862,2417781,14849062,23108,0.184,75.1,0.99,0.1,5,5,3,525.4
1/14/21,TX,2030762,2441495,14966818,29900,0.18,78.6,0.98,0.1,5,5,3,550.5
1/15/21,TX,2055324,2463146,15080534,24562,0.177,78.9,0.97,0.1,5,5,3,552.2
1/16/21,TX,2073643,2482810,15185036,18319,0.172,79.3,0.96,0.1,5,5,3,554.8
1/17/21,TX,2086109,2502309,15273328,12466,0.171,78.5,0.95,0.1,5,5,3,549.4
1/18/21,TX,2097313,2519253,15353825,11204,0.169,72.3,0.94,0.1,3,3,3,506.2
1/19/21,TX,2119180,2540656,15457796,21867,0.167,69.7,0.94,0.1,3,3,3,487.7
1/20/21,TX,2147187,2560975,15571006,28007,0.166,72.1,0.93,0.1,3,3,3,504.6
1/21/21,TX,2168653,2582631,15692690,21466,0.163,67.9,0.93,0.1,3,3,3,475.6
1/22/21,TX,2186921,2599592,15791456,18268,0.161,64.8,0.92,0.1,3,3,3,453.8
1/23/21,TX,2200854,2617531,15877806,13933,0.163,62.7,0.92,0.1,3,3,3,438.7
1/24/21,TX,2208567,2630476,15917063,7713,0.166,60.3,0.91,0.1,3,3,3,422.3
1/25/21,TX,2228978,2645571,15964769,20411,0.171,64.9,0.91,0.1,3,3,3,454.1
1/26/21,TX,2249572,2662544,16045716,20594,0.172,64.2,0.9,0.1,3,3,3,449.7
1/27/21,TX,2269318,2683450,16161093,19746,0.172,60.2,0.9,0.1,3,3,3,421.2
1/28/21,TX,2288817,2701435,16276653,19499,0.169,59.2,0.89,0.1,3,3,3,414.4
1/29/21,TX,2307536,2719000,16395091,18719,0.165,59.4,0.88,0.1,3,3,3,416
1/30/21,TX,2321302,2734684,16490392,13766,0.161,59.3,0.87,0.1,3,3,3,415.4
1/31/21,TX,2333678,2747331,16558533,12376,0.154,61.6,0.86,0.1,3,3,3,431.5
2/1/21,TX,2372868,2757326,16615495,,0.147,,0.85,0.1,3,3,3,
2/2/21,TX,2391088,2773022,16724278,18220,0.14,58.8,0.83,0.1,3,3,3,411.7
2/3/21,TX,2409052,2788507,16841310,17964,0.134,57.8,0.82,0.1,3,3,3,404.5
2/4/21,TX,2422625,2802519,16951530,13573,0.13,54.4,0.81,0.1,3,3,3,380.7
2/5/21,TX,2437000,2817455,17070947,14375,0.127,51.9,0.79,0.1,3,3,3,363.2
2/6/21,TX,2445500,2829725,17159325,8500,0.124,48.9,0.78,0.1,3,3,3,342
2/7/21,TX,2453035,2840874,17223940,7535,0.123,46.1,0.77,0.1,3,3,3,322.6
2/8/21,TX,2463918,2849008,17280746,10883,0.121,44.9,0.76,0.1,3,3,3,314
2/9/21,TX,2477150,2861107,17379824,13232,0.118,42.4,0.75,0.1,3,3,3,296.8
2/10/21,TX,2490234,2873331,17490629,13084,0.116,40,0.75,0.1,3,3,3,280
2/11/21,TX,2502110,2882972,17579708,11876,0.114,39.2,0.75,0.1,3,3,3,274.1
2/12/21,TX,2514395,2892882,17662929,12285,0.113,38.1,0.75,0.1,3,3,3,266.9
2/13/21,TX,2522402,2900685,17726898,8007,0.111,37.9,0.76,0.1,3,3,3,265.2
2/14/21,TX,2526909,2904964,17756893,4507,0.107,36.4,0.77,0.1,3,3,3,254.8
2/15/21,TX,2529831,2907007,17772382,2922,0.106,32.5,0.78,0.1,3,3,3,227.3
2/16/21,TX,2533461,2909026,17786793,3630,0.105,27.7,0.8,0.1,3,3,3,194.2
2/17/21,TX,2537948,2911092,17801905,4487,0.108,23.5,0.82,0.1,2,2,3,164.6
2/18/21,TX,2540302,2913242,17818934,2354,0.112,18.8,0.84,0.1,2,2,3,131.7
2/19/21,TX,2546200,2917247,17848339,5898,0.116,15.7,0.86,0.1,2,2,3,109.7
2/20/21,TX,2551707,2922439,17886300,5507,0.12,14.4,0.88,0.1,2,2,3,101.1
2/21/21,TX,2558097,2927698,17918005,6390,0.124,15.4,0.89,0.1,2,2,3,107.6
2/22/21,TX,2565428,2934361,17967877,7331,0.123,17.5,0.91,0.1,2,2,3,122.8
2/23/21,TX,2575695,2943396,18045737,10267,0.117,20.8,0.92,0.1,2,2,3,145.7
2/24/21,TX,2583291,2950666,18126105,7596,0.109,22.3,0.93,0.1,2,2,3,156.4
2/25/21,TX,2591102,2957685,18214884,7811,0.101,25,0.94,0.1,2,2,3,175.2
2/26/21,TX,2601984,2963962,18295805,10882,0.095,27.5,0.94,0.1,3,3,3,192.4
2/27/21,TX,2607399,2969342,18357038,5415,0.091,27.4,0.94,0.1,3,3,3,192.1
2/28/21,TX,2611001,2972878,18389894,3602,0.087,26.1,0.93,0.1,3,3,3,182.5
3/1/21,TX,2619107,2976677,18437976,8106,0.083,26.4,0.93,0.1,3,3,3,185.1
3/2/21,TX,2626284,2981755,18511167,7177,0.076,24.9,0.92,0.1,2,2,3,174.5
3/3/21,TX,2633833,2986868,18597503,7549,0.071,24.9,0.91,0.1,2,2,3,174.3
3/4/21,TX,2641355,2991827,18679887,7522,0.068,24.8,0.9,0.1,2,2,3,173.3
3/5/21,TX,2646909,2996016,18754761,5554,0.065,22.1,0.89,0.1,2,2,3,154.9
3/6/21,TX,2650503,3000267,18806150,3594,0.064,21.2,0.88,0.1,2,2,3,148.7
3/7/21,TX,2653291,3003085,18834325,2788,0.064,20.8,0.87,0.1,2,2,3,145.8
3/8/21,TX,2657251,3006330,18874745,3960,0.064,18.8,0.86,0.1,2,2,3,131.5
3/9/21,TX,2662631,3009860,18940565,5380,0.061,17.9,0.85,0.1,2,2,3,125.4
3/10/21,TX,2667952,3013717,19010179,5321,0.061,16.8,0.85,0.1,2,2,3,117.7
3/11/21,TX,2674105,3017488,19084746,6153,0.06,16.1,0.85,0.1,2,2,3,112.9
3/12/21,TX,2679303,3022541,19165480,5198,0.061,16,0.85,0.1,2,2,3,111.7
3/13/21,TX,2682149,3026151,19220219,2846,0.059,15.6,0.85,0.1,2,2,3,109.1
3/14/21,TX,2684861,3028857,19253728,2712,0.058,15.6,0.86,0.1,2,2,3,108.9
3/15/21,TX,2689517,3031848,19296342,4656,0.057,15.9,0.86,0.1,2,2,3,111.3
3/16/21,TX,2695340,3035596,19366964,5823,0.057,16.1,0.87,0.1,2,2,3,112.8
3/17/21,TX,2699881,3039198,19439573,4541,0.056,15.7,0.87,0.1,2,2,3,110.1
3/18/21,TX,2703277,3042987,19513034,3396,0.056,14.4,0.88,0.1,2,2,3,100.6
3/19/21,TX,2707170,3046922,19577134,3893,0.056,13.7,0.89,0.1,2,2,2,96.1
3/20/21,TX,2709623,3049700,19625762,2453,0.055,13.5,0.89,0.1,2,2,2,94.8
3/21/21,TX,2711930,3052116,19655425,2307,0.055,13.3,0.9,0.1,2,2,2,93.4
3/22/21,TX,2715338,3054897,19696717,3408,0.054,12.7,0.9,0.1,2,2,2,89.1
3/23/21,TX,2719691,3058687,19769237,4353,0.054,12,0.91,0.1,2,2,2,84
3/24/21,TX,2723480,3062772,19854069,3789,0.054,11.6,0.92,0.1,2,2,2,81.4
3/25/21,TX,2728838,3066550,19929447,,0.054,,0.92,0.1,2,2,2,
3/26/21,TX,2732737,3070176,20000612,3899,0.052,11.6,0.93,0.1,2,2,2,81.3
3/27/21,TX,2735810,3073280,20052173,3073,0.052,12,0.94,0.1,2,2,2,83.8
3/28/21,TX,2738780,3075593,20082217,2970,0.052,12.4,0.94,0.1,2,2,2,86.5
3/29/21,TX,2743273,3078327,20123317,4493,0.052,13,0.95,0.1,2,2,2,90.8
3/30/21,TX,2746679,3082275,20196831,3406,0.052,12.4,0.96,0.1,2,2,2,87
3/31/21,TX,2750748,3086396,20273666,4069,0.053,12.6,0.96,0.1,2,2,2,88.2
4/1/21,TX,2754403,3089872,20347082,3655,0.053,12.6,0.97,0.1,2,2,2,88.2
4/2/21,TX,2756409,3093687,20414082,2006,0.054,11.7,0.97,0.1,2,2,2,81.6
4/3/21,TX,2758084,3097138,20459791,1675,0.055,11,0.98,0.1,2,2,2,76.8
4/4/21,TX,2759084,3099397,20487548,1000,0.055,10,0.98,0.1,1,1,2,70
4/5/21,TX,2764024,3101692,20525904,4940,0.055,10.2,0.99,0.1,2,2,2,71.6
4/6/21,TX,2768222,3105764,20600825,4198,0.055,10.6,0.99,0.1,2,2,2,74.3
4/7/21,TX,2772133,3109923,20680548,3911,0.055,10.5,1,0.1,2,2,2,73.8
4/8/21,TX,2776617,3113896,20751006,4484,0.056,10.9,1,0.1,2,2,2,76.6
4/9/21,TX,2779855,3117815,20824462,3238,0.056,11.6,1,0.1,2,2,2,80.9
4/10/21,TX,2782288,3121886,20890255,2433,0.054,11.9,1,0.1,2,2,2,83.5
4/11/21,TX,2783736,3124636,20920934,1448,0.055,12.1,1,0.1,2,2,2,85
4/12/21,TX,2789286,3127395,20964794,5550,0.055,12.4,1,0.1,2,2,2,87.1
4/13/21,TX,2794099,3131050,21035304,4813,0.055,12.7,1,0.1,2,2,2,89.2
4/14/21,TX,2797692,3135223,21108198,3593,0.056,12.6,1,0.1,2,2,2,88.1
4/15/21,TX,2801015,3138798,21177348,3323,0.055,12,0.99,0.1,2,2,2,84.1
4/16/21,TX,2804026,3142625,21245239,3011,0.056,11.9,0.99,0.1,2,2,2,83.4
4/17/21,TX,2805831,3145647,21293518,1805,0.056,11.6,0.99,0.1,2,2,2,81.2
4/18/21,TX,2807270,3148173,21326471,1439,0.055,11.6,0.98,0.1,2,2,2,81.2
4/19/21,TX,2811965,3150740,21369278,4695,0.055,11.2,0.98,0.1,2,2,2,78.2
4/20/21,TX,2816664,3154441,21439516,4699,0.055,11.1,0.98,0.1,2,2,2,77.8
4/21/21,TX,2820719,3157992,21513909,4055,0.053,11.3,0.97,0.1,2,2,2,79.4
4/22/21,TX,2824394,3161571,21590883,3675,0.052,11.5,0.97,0.1,2,2,2,80.6
4/23/21,TX,2827008,3165155,21661138,2614,0.051,11.3,0.96,0.1,2,2,2,79.3
4/24/21,TX,2828993,3168222,21706744,1985,0.052,11.4,0.96,0.1,2,2,2,79.9
4/25/21,TX,2830473,3170418,21733912,1480,0.052,11.4,0.95,0.1,2,2,2,80
4/26/21,TX,2834868,3173094,21784793,4395,0.051,11.3,0.95,0.1,2,2,2,79
4/27/21,TX,2838608,3176575,21855235,3740,0.051,10.8,0.94,0.1,2,2,2,75.7
4/28/21,TX,2842736,3180097,21931713,4128,0.05,10.8,0.93,0.1,2,2,2,75.9
4/29/21,TX,2846287,3183466,22001357,3551,0.051,10.8,0.93,0.1,2,2,2,75.5
4/30/21,TX,2849970,3186804,22072189,3683,0.05,11.3,0.92,0.1,2,2,2,79.2
5/1/21,TX,2851982,3189670,22124757,2012,0.049,11.3,0.91,0.1,2,2,2,79.3
5/2/21,TX,2853222,3191909,22153256,1240,0.049,11.2,0.91,0.1,2,2,2,78.5
5/3/21,TX,2857327,3193867,22191009,4105,0.049,11.1,0.9,0.1,2,2,2,77.5
5/4/21,TX,2860074,3196905,22259600,2747,0.048,10.6,0.89,0.1,2,2,2,74
5/5/21,TX,2862321,3199634,22325867,2247,0.047,9.6,0.89,0.1,1,1,2,67.5
5/6/21,TX,2864919,3202419,22384356,2598,0.047,9.2,0.88,0.1,1,1,2,64.3
5/7/21,TX,2867802,3205171,22445762,2883,0.047,8.8,0.88,0.1,1,1,2,61.5
5/8/21,TX,2869217,3207510,22490802,1415,0.046,8.5,0.88,0.1,1,1,2,59.4
5/9/21,TX,2870468,3209134,22516674,1251,0.045,8.5,0.88,0.1,1,1,2,59.5
5/10/21,TX,2873132,3210731,22554368,2664,0.044,7.8,0.88,0.1,1,1,2,54.5
5/11/21,TX,2876048,3213163,22616628,2916,0.044,7.9,0.88,0.1,1,1,2,55.1
5/12/21,TX,2878486,3215346,22677955,2438,0.043,8,0.88,0.1,1,1,2,55.7
5/13/21,TX,2880722,3217307,22729937,2236,0.041,7.8,0.88,0.1,1,1,2,54.5
5/14/21,TX,2883156,3219471,22784531,2434,0.041,7.6,0.88,0.1,1,1,2,53
5/15/21,TX,2884241,3221193,22832109,1085,0.039,7.4,0.88,0.1,1,1,2,51.8
5/16/21,TX,2884906,3222561,22858266,665,0.038,7.1,0.88,0.1,1,1,1,49.8
5/17/21,TX,2887024,3223982,22897517,2118,0.037,6.8,0.88,0.1,1,1,1,47.9
5/18/21,TX,2890452,3225899,22957481,3428,0.036,7.1,0.88,0.1,1,1,1,49.7
5/19/21,TX,2892348,3227583,23012859,1896,0.035,6.8,0.88,0.1,1,1,1,47.8
5/20/21,TX,2894032,3229296,23065719,1684,0.034,6.6,0.88,0.1,1,1,1,45.9
5/21/21,TX,2895575,3231098,23125748,1543,0.033,6.1,0.88,0.1,1,1,1,42.8
5/22/21,TX,2896524,3232654,23169249,949,0.033,6.1,0.88,0.1,1,1,1,42.4
5/23/21,TX,2897272,3233678,23191661,748,0.032,6.1,0.88,0.1,1,1,1,42.6
5/24/21,TX,2900134,3235011,23229207,2862,0.032,6.5,0.88,0.1,1,1,1,45.2
5/25/21,TX,2902654,3236654,23286229,2520,0.032,6,0.88,0.1,1,1,1,42.1
5/26/21,TX,2904278,3238485,23343222,1624,0.032,5.9,0.88,0.1,1,1,1,41.1
5/27/21,TX,2906015,3239974,23396061,1737,0.031,5.9,0.88,0.1,1,1,1,41.3
5/28/21,TX,2907668,3241557,23449656,1653,0.031,6,0.88,0.1,1,1,1,41.7
5/29/21,TX,2908333,3242729,23492161,665,0.03,5.8,0.88,0.1,1,1,1,40.7
5/30/21,TX,2908498,3243524,23515896,165,0.029,5.5,0.88,0.1,1,1,1,38.7
5/31/21,TX,2908651,3244326,23537182,153,0.029,4.2,0.89,0.1,1,1,1,29.4
6/1/21,TX,2909353,3245441,23576935,702,0.029,3.3,0.89,0.1,1,1,1,23.1
6/2/21,TX,2911700,3247049,23632627,2347,0.029,3.7,0.89,0.1,1,1,1,25.6
6/3/21,TX,2914804,3248503,23683242,3104,0.029,4.3,0.89,0.1,1,1,1,30.3
6/4/21,TX,2916440,3249765,23731399,1636,0.028,4.3,0.9,0.1,1,1,1,30.3
6/5/21,TX,2917734,3251043,23774003,1294,0.029,4.6,0.9,0.1,1,1,1,32.4
6/6/21,TX,2918364,3251846,23798106,630,0.029,4.9,0.91,0.1,1,1,1,34
6/7/21,TX,2919183,3252916,23831257,819,0.028,5.2,0.91,0.1,1,1,1,36.3
6/8/21,TX,2919183,3254306,23877883,,0.029,,0.92,0.1,1,1,1,
6/9/21,TX,2919184,3255756,23923700,,0.029,,0.92,0.1,1,1,1,
6/10/21,TX,2929832,3257032,23970964,,0.029,,0.93,0.1,1,1,1,
6/11/21,TX,2930970,3258245,24017072,1138,0.029,3.3,0.94,0.1,1,1,1,23.4
6/12/21,TX,2931793,3259334,24053954,823,0.029,2.9,0.95,0.1,1,1,1,20.6
6/13/21,TX,2932216,3260173,24076142,423,0.029,2.8,0.96,0.1,1,1,1,19.3
6/14/21,TX,2933099,3261141,24107153,883,0.029,2.8,0.98,0.1,1,1,1,19.7
6/15/21,TX,2934180,3262561,24152090,1081,0.029,3,0.99,0.1,1,1,1,21
6/16/21,TX,2936434,3263899,24201191,2254,0.029,3.8,1,0.1,1,1,1,26.6
6/17/21,TX,2937217,3265166,24248799,783,0.028,3.6,1.01,0.1,1,1,1,25.5
6/18/21,TX,2938298,3266424,24286369,1081,0.029,3.6,1.03,0.1,1,1,1,25.3
6/19/21,TX,2940017,3267614,24316142,1719,0.031,4.1,1.04,0.1,1,1,1,28.4
6/20/21,TX,2940390,3268480,24335378,373,0.031,4,1.05,0.1,1,1,1,28.2
6/21/21,TX,2941043,3269573,24362374,653,0.032,3.9,1.06,0.1,1,1,1,27.4
6/22/21,TX,2942933,3270918,24398548,1890,0.033,4.3,1.07,0.1,1,1,1,30.2
6/23/21,TX,2944069,3272532,24436543,1136,0.035,3.8,1.07,0.1,1,1,1,26.3
6/24/21,TX,2945747,3273849,24464782,1678,0.039,4.2,1.08,0.1,1,1,1,29.4
6/25/21,TX,2947431,3275294,24494094,1684,0.041,4.5,1.09,0.1,1,1,1,31.5
6/26/21,TX,2948931,3276595,24521980,1500,0.042,4.4,1.1,0.1,1,1,1,30.7
6/27/21,TX,2949107,3277686,24540169,176,0.043,4.3,1.11,0.1,1,1,1,30.1
6/28/21,TX,2949971,3279137,24566777,864,0.045,4.4,1.12,0.1,1,1,1,30.8
6/29/21,TX,2951696,3281060,24603386,1725,0.047,4.3,1.13,0.1,1,1,1,30.2
6/30/21,TX,2954682,3283073,24641405,2986,0.049,5.2,1.14,0.1,1,1,1,36.6
7/1/21,TX,2955992,3285030,24677501,1310,0.05,5,1.15,0.1,1,1,1,35.3
7/2/21,TX,2957870,3286954,24709974,1878,0.051,5.1,1.16,0.1,1,1,1,36
7/3/21,TX,2959099,3288728,24736015,1229,0.054,5,1.18,0.1,1,1,1,35.1
7/4/21,TX,2959318,3289845,24750437,219,0.055,5,1.19,0.1,2,1,1,35.2
7/5/21,TX,2959855,3291344,24769645,537,0.057,4.9,1.21,0.1,2,1,1,34.1
7/6/21,TX,2961026,3293431,24799330,1171,0.059,4.6,1.23,0.1,2,1,1,32.2
7/7/21,TX,2965086,3296418,24840113,4060,0.063,5.1,1.24,0.1,2,1,1,35.9
7/8/21,TX,2967443,3299636,24881566,2357,0.067,5.6,1.26,0.1,2,1,1,39.5
7/9/21,TX,2969843,3302923,24918007,2400,0.071,5.9,1.27,0.1,2,1,1,41.3
7/10/21,TX,2971439,3305942,24948304,1596,0.075,6.1,1.29,0.1,2,1,1,42.6
7/11/21,TX,2971869,3308521,24968652,430,0.079,6.2,1.3,0.1,2,1,1,43.3
7/12/21,TX,2973683,3311741,24997948,1814,0.082,6.8,1.31,0.1,2,1,2,47.7
7/13/21,TX,2979015,3316200,25038322,5332,0.087,8.9,1.32,0.1,2,1,2,62
7/14/21,TX,2983783,3320647,25082175,4768,0.091,9.2,1.33,0.1,2,1,2,64.5
7/15/21,TX,2986792,3325782,25123521,3009,0.098,9.5,1.34,0.1,2,1,2,66.7
7/16/21,TX,2991474,3330507,25161347,4682,0.102,10.7,1.35,0.1,2,2,3,74.6
7/17/21,TX,2994107,3334639,25192783,2633,0.105,11.2,1.35,0.1,2,2,3,78.2
7/18/21,TX,2995853,3338850,25217996,1746,0.108,11.8,1.35,0.1,2,2,3,82.7
7/19/21,TX,2998406,3344631,25253818,2553,0.114,12.2,1.35,0.1,2,2,3,85.3
7/20/21,TX,3003191,3352777,25306731,4785,0.12,11.9,1.35,0.1,2,2,3,83.4
7/21/21,TX,3011001,3361403,25362736,7810,0.127,13.4,1.35,0.1,2,2,3,93.9
7/22/21,TX,3018559,3370135,25415343,7558,0.132,15.7,1.35,0.1,2,2,3,109.6
7/23/21,TX,3025371,3379938,25475982,6812,0.136,16.7,1.34,0.1,2,2,3,116.9
7/24/21,TX,3030417,3389438,25522763,5046,0.142,17.9,1.34,0.1,2,2,3,125.2
7/25/21,TX,3031815,3396885,25554130,1398,0.147,17.7,1.33,0.1,2,2,3,124
7/26/21,TX,3037115,3406732,25598532,5300,0.153,19.1,1.32,0.1,2,2,3,133.5
7/27/21,TX,3048996,3419189,25663214,11881,0.157,22.6,1.31,0.1,2,2,3,158
7/28/21,TX,3057765,3432453,25732075,8769,0.161,23,1.3,0.1,2,2,3,161.3
7/29/21,TX,3073240,3447209,25807053,15475,0.164,26.9,1.29,0.1,3,3,3,188.6
7/30/21,TX,3087435,3462162,25879530,14195,0.169,30.6,1.27,0.1,3,3,3,214
7/31/21,TX,3093066,3475371,25938445,5631,0.171,30.9,1.26,0.1,3,3,3,216.1
8/1/21,TX,3096413,3486516,25982039,3347,0.173,31.8,1.25,0.1,3,3,3,222.8
8/2/21,TX,3104658,3500393,26040158,8245,0.175,33.3,1.23,0.1,3,3,3,232.9
8/3/21,TX,3124793,3516650,26111666,20135,0.179,37.3,1.22,0.1,3,3,3,261.4
8/4/21,TX,3136442,3532217,26182870,11649,0.181,38.8,1.21,0.1,3,3,3,271.3
8/5/21,TX,3153976,3549648,26261154,17534,0.184,39.8,1.19,0.1,3,3,3,278.4
8/6/21,TX,3178535,3567524,26344770,,0.185,,1.18,0.1,3,3,3,
8/7/21,TX,3189800,3584181,26414132,11265,0.186,41.5,1.17,0.1,3,3,3,290.4
8/8/21,TX,3192172,3596179,26462473,2372,0.186,40.9,1.16,0.1,3,3,3,286.5
8/9/21,TX,3203884,3611446,26522010,11712,0.187,42.9,1.15,0.1,3,3,3,300.4
8/10/21,TX,3224063,3630821,26609515,20179,0.187,42.9,1.14,0.1,3,3,3,300.6
8/11/21,TX,3245917,3649936,26694918,21854,0.187,48.8,1.13,0.1,3,3,3,341.7
8/12/21,TX,3259110,3669273,26787101,13193,0.185,46.3,1.12,0.1,3,3,3,324.2
8/13/21,TX,3276926,3688304,26878790,17816,0.184,48.5,1.11,0.1,3,3,3,339.3
8/14/21,TX,3287835,3704010,26944836,10909,0.184,48.3,1.1,0.1,3,3,3,338.1
8/15/21,TX,3293777,3716656,26991130,5942,0.186,50.1,1.09,0.1,3,3,3,350.4
8/16/21,TX,3307607,3731720,27054943,13830,0.184,51.1,1.08,0.1,3,3,3,357.7
8/17/21,TX,3333104,3750677,27139682,25497,0.184,53.7,1.08,0.1,3,3,3,376.1
8/18/21,TX,3353009,3771760,27235998,19905,0.184,52.8,1.07,0.1,3,3,3,369.3
8/19/21,TX,3371585,3790527,27335646,18576,0.181,55.4,1.06,0.1,3,3,3,387.9
8/20/21,TX,3394235,3809366,27435600,22650,0.179,57.8,1.05,0.1,3,3,3,404.6
8/21/21,TX,3412456,3825952,27519408,18221,0.175,61.4,1.05,0.1,3,3,3,429.8
8/22/21,TX,3416336,3839666,27579902,3880,0.173,60.4,1.04,0.1,3,3,3,422.7
8/23/21,TX,3427688,3855703,27653182,11352,0.172,59.2,1.04,0.1,3,3,3,414.1
8/24/21,TX,3448753,3874454,27751137,21065,0.168,57,1.04,0.1,3,3,3,398.8
8/25/21,TX,3472165,3898348,27879275,23412,0.164,58.7,1.03,0.1,3,3,3,410.9
8/26/21,TX,3487808,3919250,27998521,15643,0.163,57.3,1.03,0.1,3,3,3,400.8
8/27/21,TX,3509089,3941370,28120666,21281,0.162,56.6,1.03,0.1,3,3,3,396.1
8/28/21,TX,3519657,3956835,28204092,10568,0.16,52.8,1.03,0.1,3,3,3,369.7
8/29/21,TX,3523526,3969630,28267628,3869,0.159,52.8,1.03,0.1,3,3,3,369.7
8/30/21,TX,3543005,3986941,28354020,19479,0.158,56.8,1.02,0.1,3,3,3,397.7
8/31/21,TX,3565156,4010723,28481253,22151,0.157,57.3,1.02,0.1,3,3,3,401.4
9/1/21,TX,3591583,4031310,28604426,26427,0.155,58.8,1.02,0.1,3,3,3,411.8
9/2/21,TX,3611052,4052552,28734595,19469,0.153,60.7,1.02,0.1,3,3,3,425
9/3/21,TX,3637847,4071741,28852944,26795,0.151,63.4,1.01,0.1,3,3,3,444.1
9/4/21,TX,3654053,4089472,28946267,16206,0.152,66.2,1.01,0.1,3,3,3,463.5
9/5/21,TX,3656963,4102796,29015727,2910,0.151,65.7,1,0.1,3,3,3,460.2
9/6/21,TX,3661674,4114268,29074440,4711,0.15,58.5,0.99,0.1,3,3,3,409.3
9/7/21,TX,3671437,4128345,29151207,9763,0.149,52.4,0.98,0.1,3,3,3,366.5
9/8/21,TX,3713494,4147695,29270432,42057,0.149,60.1,0.97,0.1,3,3,3,420.4
9/9/21,TX,3745548,4167336,29397997,32054,0.148,66.3,0.96,0.1,3,3,3,463.8
9/10/21,TX,3763623,4185150,29522877,18075,0.145,62,0.95,0.1,3,3,3,433.8
9/11/21,TX,3774037,4201283,29625166,10414,0.141,59.1,0.94,0.1,3,3,3,413.8
9/12/21,TX,3776536,4212184,29687537,2499,0.14,58.9,0.93,0.1,3,3,3,412.4
9/13/21,TX,3794029,4227915,29774058,17493,0.14,65.2,0.91,0.1,3,3,3,456.5
9/14/21,TX,3818310,4242303,29870164,24281,0.137,72.4,0.9,0.1,3,3,3,506.5
9/15/21,TX,3841051,4257493,29972083,22741,0.135,62.8,0.89,0.1,3,3,3,439.9
9/16/21,TX,3857989,4272188,30080559,16938,0.133,55.4,0.88,0.1,3,3,3,387.8
9/17/21,TX,3876393,4287445,30192509,18404,0.133,55.6,0.87,0.1,3,3,3,388.9
9/18/21,TX,3885946,4299529,30266636,9553,0.133,55.1,0.86,0.1,3,3,3,385.9
9/19/21,TX,3887473,4309584,30318868,1527,0.134,54.7,0.86,0.1,3,3,3,382.6
9/20/21,TX,3899474,4319117,30380023,12001,0.131,52,0.85,0.1,3,3,3,363.7
9/21/21,TX,3915427,4331853,30476620,15953,0.129,47.8,0.84,0.1,3,3,3,334.9
9/22/21,TX,3932720,4344339,30583454,17293,0.124,45.2,0.84,0.1,3,3,3,316.1
9/23/21,TX,3943364,4355010,30678676,10644,0.122,42.1,0.84,0.1,3,3,3,294.4
9/24/21,TX,3960110,4366204,30777941,16746,0.119,41.2,0.84,0.1,3,3,3,288.7
9/25/21,TX,3965956,4376051,30848388,5846,0.116,39.4,0.83,0.1,3,3,3,275.9
9/26/21,TX,3971931,4382260,30886386,5975,0.114,41.6,0.83,0.1,3,3,3,291.3
9/27/21,TX,3982385,4389674,30945478,10454,0.111,40.8,0.83,0.1,3,3,3,285.9
9/28/21,TX,3996583,4399089,31035740,14198,0.107,40,0.83,0.1,3,3,3,279.9
9/29/21,TX,4010840,4409011,31134294,14257,0.105,38.5,0.83,0.1,3,3,3,269.4
9/30/21,TX,4020674,4417573,31232951,9834,0.101,38.1,0.83,0.1,3,3,3,266.6
10/1/21,TX,4030193,4425450,31323454,9519,0.098,34.5,0.83,0.1,3,3,3,241.7
10/2/21,TX,4036544,4432580,31384238,6351,0.095,34.8,0.83,0.1,3,3,3,243.4
10/3/21,TX,4037675,4437472,31422335,1131,0.093,32.4,0.83,0.1,3,3,3,226.7
10/4/21,TX,4045493,4443252,31474447,7818,0.092,31.1,0.83,0.1,3,3,3,217.6
10/5/21,TX,4056135,4451038,31559157,10642,0.09,29.3,0.83,0.1,3,3,3,205.4
10/6/21,TX,4068859,4458349,31650361,12724,0.087,28.6,0.83,0.1,3,3,3,200.1
10/7/21,TX,4076813,4465222,31742403,7954,0.086,27.7,0.83,0.1,3,3,3,193.6
10/8/21,TX,4084664,4471488,31823871,7851,0.084,26.8,0.83,0.1,3,3,3,187.9
10/9/21,TX,4089663,4477232,31883389,4999,0.082,26.2,0.83,0.1,3,3,3,183.2
10/10/21,TX,4090672,4481217,31915146,1009,0.082,26.1,0.82,0.1,3,3,3,182.8
10/11/21,TX,4096120,4486136,31963866,5448,0.081,24.9,0.82,0.1,2,2,3,174.6
10/12/21,TX,4105868,4492180,32037357,9748,0.079,24.5,0.82,0.1,2,2,3,171.5
10/13/21,TX,4115565,4497840,32122547,9697,0.077,23,0.82,0.1,2,2,3,161.1
10/14/21,TX,4121159,4503217,32212833,5594,0.075,21.8,0.83,0.1,2,2,3,152.9
10/15/21,TX,4127989,4508205,32286614,6830,0.074,21.3,0.83,0.1,2,2,3,149.4
10/16/21,TX,4131302,4512501,32338821,3313,0.072,20.5,0.83,0.1,2,2,3,143.6
10/17/21,TX,4132164,4515618,32370771,862,0.07,20.4,0.83,0.1,2,2,3,143.1
10/18/21,TX,4137151,4519792,32418317,4987,0.069,20.2,0.83,0.1,2,2,3,141.5
10/19/21,TX,4143407,4524921,32499307,6256,0.066,18.5,0.84,0.1,2,2,3,129.5
10/20/21,TX,4149257,4529835,32579243,5850,0.065,16.6,0.84,0.1,2,2,3,116.2
10/21/21,TX,4154952,4534160,32668174,5695,0.064,16.6,0.84,0.1,2,2,3,116.5
10/22/21,TX,4159218,4538224,32742763,4266,0.062,15.4,0.85,0.1,2,2,3,107.7
10/23/21,TX,4162126,4542080,32792768,2908,0.061,15.2,0.85,0.1,2,2,3,106.3
10/24/21,TX,4163327,4544830,32822967,1201,0.061,15.4,0.86,0.1,2,2,3,107.5
10/25/21,TX,4167718,4548140,32871927,4391,0.059,15.1,0.86,0.1,2,2,3,105.4
10/26/21,TX,4173237,4552185,32944257,5519,0.058,14.7,0.87,0.1,2,2,3,102.9
10/27/21,TX,4177454,4556233,33021614,4217,0.056,13.9,0.87,0.1,2,2,2,97.2
10/28/21,TX,4183555,4559942,33096260,6101,0.057,14.1,0.88,0.1,2,2,2,98.6
10/29/21,TX,4187766,4563386,33162981,4211,0.056,14.1,0.88,0.1,2,2,2,98.5
10/30/21,TX,4190737,4566498,33208240,2971,0.056,14.1,0.89,0.1,2,2,2,98.7
10/31/21,TX,4191135,4568136,33232436,398,0.054,13.7,0.9,0.1,2,2,2,95.9
11/1/21,TX,4194472,4571017,33277822,3337,0.053,13.2,0.9,0.1,2,2,2,92.3
11/2/21,TX,4199644,4574487,33349735,5172,0.052,13,0.91,0.1,2,2,2,91.1
11/3/21,TX,4203910,4577959,33426412,4266,0.051,13,0.92,0.1,2,2,2,91.2
11/4/21,TX,4207523,4581316,33504281,3613,0.05,11.8,0.92,0.1,2,2,2,82.7
11/5/21,TX,4210612,4584563,33568903,3089,0.05,11.3,0.93,0.1,2,2,2,78.8
11/6/21,TX,4212832,4587669,33616489,2220,0.049,10.9,0.94,0.1,2,2,2,76.2
11/7/21,TX,4213621,4590050,33646226,789,0.05,11.1,0.94,0.1,2,2,2,77.5
11/8/21,TX,4216026,4593083,33695533,2405,0.05,10.6,0.95,0.1,2,2,2,74.3
11/9/21,TX,4221735,4597091,33769043,5709,0.051,10.9,0.95,0.1,2,2,2,76.2
11/10/21,TX,4224099,4600920,33853441,2364,0.051,9.9,0.96,0.1,1,1,2,69.6
11/11/21,TX,4229981,4604499,33927587,5882,0.052,11.1,0.96,0.1,2,2,2,77.5
11/12/21,TX,4233245,4607903,33987885,3264,0.053,11.2,0.97,0.1,2,2,2,78.1
11/13/21,TX,4236054,4610889,34037728,2809,0.052,11.4,0.97,0.1,2,2,2,80.1
11/14/21,TX,4236540,4613335,34065894,486,0.053,11.3,0.97,0.1,2,2,2,79
11/15/21,TX,4239943,4616353,34115159,3403,0.053,11.8,0.98,0.1,2,2,2,82.5
11/16/21,TX,4245025,4619551,34176887,5082,0.052,11.5,0.98,0.1,2,2,2,80.3
11/17/21,TX,4249113,4623524,34254310,4088,0.053,12.3,0.98,0.1,2,2,2,86.3
11/18/21,TX,4253396,4627694,34334270,4283,0.054,11.5,0.99,0.1,2,2,2,80.8
11/19/21,TX,4257366,4631264,34398992,3970,0.054,11.9,0.99,0.1,2,2,2,83.2
11/20/21,TX,4258832,4635608,34446704,1466,0.057,11.2,1,0.1,2,2,2,78.6
11/21/21,TX,4259614,4639125,34481309,782,0.058,11.4,1,0.1,2,2,2,79.6
11/22/21,TX,4263722,4642792,34525014,4108,0.061,11.7,1.01,0.1,2,2,2,82
11/23/21,TX,4267680,4646650,34585543,3958,0.062,11.2,1.01,0.1,2,2,2,78.1
11/24/21,TX,4273382,4650522,34641932,5702,0.065,12,1.02,0.1,2,2,2,83.7
11/25/21,TX,4273711,4652342,34667742,329,0.069,10,1.03,0.1,1,1,2,70.1
11/26/21,TX,4273751,4654544,34695633,40,0.073,8.1,1.04,0.1,1,1,2,56.5
11/27/21,TX,4273788,4657433,34727955,37,0.072,7.4,1.04,0.1,1,1,2,51.6
11/28/21,TX,4273782,4660132,34756098,,0.071,,1.05,0.1,1,1,2,
11/29/21,TX,4282237,4664070,34809147,8455,0.07,10.6,1.06,0.1,2,2,2,74.5
11/30/21,TX,4288344,4668859,34884717,6107,0.069,11.9,1.06,0.1,2,2,2,83.2
12/1/21,TX,4292729,4673464,34960679,4385,0.067,11.1,1.07,0.1,2,2,2,77.9
12/2/21,TX,4297045,4677940,35038419,4316,0.065,13.4,1.08,0.1,2,2,2,93.9
12/3/21,TX,4301223,4682473,35108025,4178,0.063,15.8,1.09,0.1,2,2,3,110.6
12/4/21,TX,4303143,4686090,35157367,1920,0.063,16.9,1.1,0.1,2,2,3,118.1
12/5/21,TX,4304107,4688960,35189510,964,0.062,14.9,1.1,0.1,2,2,3,104.6
12/6/21,TX,4308092,4692502,35238664,3985,0.062,12.7,1.12,0.1,2,2,2,89.2
12/7/21,TX,4313071,4697355,35313969,4979,0.062,12.2,1.13,0.1,2,2,2,85.3
12/8/21,TX,4317273,4701855,35382435,4202,0.063,12.1,1.14,0.1,2,2,2,84.6
12/9/21,TX,4320864,4705293,35432788,3591,0.065,11.7,1.16,0.1,2,2,2,82.1
12/10/21,TX,4338475,4710112,35501184,,0.066,,1.18,0.1,2,2,2,
12/11/21,TX,4342258,4713290,35538519,3783,0.067,12.4,1.2,0.1,2,2,2,86.5
12/12/21,TX,4344080,4715752,35560720,1822,0.067,12.9,1.22,0.1,2,2,2,90
12/13/21,TX,4348748,4720381,35614559,4668,0.069,13.2,1.23,0.1,2,2,2,92.7
12/14/21,TX,4354274,4726306,35690123,5526,0.071,13.6,1.25,0.1,2,2,2,94.9
12/15/21,TX,4359817,4734894,35776367,5543,0.077,14.3,1.27,0.1,2,2,3,100.3
12/16/21,TX,4365676,4744781,35861910,5859,0.084,15.6,1.29,0.1,2,2,3,109.4
12/17/21,TX,4371965,4755090,35937410,6289,0.093,16.5,1.3,0.1,2,2,3,115.5
12/18/21,TX,4378740,4766542,36004580,6775,0.103,18,1.32,0.1,2,2,3,125.8
12/19/21,TX,4385276,4775482,36049171,6536,0.109,20.3,1.33,0.1,2,2,3,142.1
12/20/21,TX,4395845,4787670,36107261,10569,0.12,23.2,1.34,0.1,2,2,3,162.4
12/21/21,TX,4407048,4807976,36193868,11203,0.14,26,1.36,0.1,3,3,3,182
12/22/21,TX,4418244,4833515,36287544,11196,0.162,28.8,1.37,0.1,3,3,3,201.5
12/23/21,TX,4430492,4860165,36381864,12248,0.182,31.9,1.38,0.1,3,3,3,223.5
12/24/21,TX,4430531,4889282,36468941,39,0.202,28.9,1.4,0.1,3,3,3,202
12/25/21,TX,4430531,4909364,36519971,0,0.217,34.3,1.41,0.1,3,3,3,240.2
12/26/21,TX,4430531,4922470,36553170,0,0.226,39.9,1.42,0.1,3,3,3,279.2
12/27/21,TX,4484078,4948622,36608988,53547,0.243,43.5,1.43,0.1,3,3,3,304.3
12/28/21,TX,4499489,4987807,36687809,15411,0.267,45.5,1.45,0.1,3,3,3,318.8
12/29/21,TX,4515025,5034332,36776213,15536,0.291,47.7,1.46,0.1,3,3,3,333.8
12/30/21,TX,4535094,5081062,36863176,20069,0.315,51.5,1.47,0.1,3,3,3,360.7
12/31/21,TX,4535599,5125383,36947059,505,0.331,51.8,1.48,0.1,3,3,3,362.4
1/1/22,TX,4539481,5163367,37014608,3882,0.339,44.9,1.48,0.1,3,3,3,314.2
1/2/22,TX,4542324,5198561,37078102,2843,0.345,37.5,1.48,0.1,3,3,3,262.4
1/3/22,TX,4707226,5239265,37151390,,0.349,,1.47,0.1,3,3,3,
1/4/22,TX,4761216,5292969,37253357,53990,0.35,55.7,1.46,0.1,3,3,3,389.6
1/5/22,TX,4809012,5362224,37374881,47796,0.354,74.2,1.44,0.1,3,3,3,519.4
1/6/22,TX,4854688,5428551,37493488,45676,0.355,88.9,1.42,0.1,5,5,3,622.4
1/7/22,TX,4908460,5492512,37608087,53772,0.357,119.5,1.39,0.1,5,5,3,836.7
1/8/22,TX,4957632,5543858,37698391,49172,0.358,145.6,1.36,0.1,5,5,3,1019
1/9/22,TX,4997936,5586333,37773496,40304,0.358,167.1,1.32,0.1,5,5,3,1169.7
1/10/22,TX,5045792,5633330,37855664,47856,0.359,166.8,1.28,0.1,5,5,3,1167.6
1/11/22,TX,5102380,5692875,37962116,56588,0.361,168.1,1.24,0.1,5,5,3,1176.6
1/12/22,TX,5176275,5757324,38076380,73895,0.36,180.9,1.19,0.1,5,5,3,1266.6
1/13/22,TX,5248479,5818362,38181664,72204,0.362,194,1.15,0.1,5,5,3,1358.1
1/14/22,TX,5369499,5881921,38299558,121020,0.36,227.1,1.11,0.1,5,5,3,1590
1/15/22,TX,5432743,5936221,38394777,63244,0.36,234.1,1.06,0.1,5,5,3,1638.5
1/16/22,TX,5482894,5978058,38470095,50151,0.36,238.9,1.02,0.1,5,5,3,1672.5
1/17/22,TX,5551162,6021717,38546976,68268,0.36,249,0.98,0.1,5,5,3,1742.9
1/18/22,TX,5605115,6083173,38663222,53953,0.358,247.7,0.95,0.1,5,5,3,1733.8
1/19/22,TX,5661162,6142923,38766914,56047,0.358,238.9,0.91,0.1,5,5,3,1672.3
1/20/22,TX,5707577,6201729,38873532,46415,0.357,226.2,0.88,0.1,5,5,3,1583.3
1/21/22,TX,5773823,6254122,38975927,66246,0.355,199.2,0.85,0.1,5,5,3,1394.4
1/22/22,TX,5836840,6301379,39070579,63017,0.351,199.1,0.83,0.1,5,5,3,1393.6
1/23/22,TX,5894958,6340122,39138376,58118,0.351,203,0.8,0.1,5,5,3,1421.1
1/24/22,TX,5933882,6374351,39208380,38924,0.348,188.6,0.78,0.1,5,5,3,1319.9
1/25/22,TX,5978938,6417480,39301446,45056,0.344,184.2,0.76,0.1,5,5,3,1289.2
1/26/22,TX,6009672,6460743,39401669,30734,0.334,171.7,0.75,0.1,5,5,3,1201.9
1/27/22,TX,6044468,6494456,39483042,34796,0.324,166,0.73,0.1,5,5,3,1161.9
1/28/22,TX,6083150,6527349,39572316,38682,0.314,152.4,0.72,0.1,5,5,3,1066.8
1/29/22,TX,6127300,6556793,39649412,44150,0.306,143.1,0.71,0.1,5,5,3,1001.7
1/30/22,TX,6153535,6577291,39696993,26235,0.298,127.4,0.69,0.1,5,5,3,891.8
1/31/22,TX,6180064,6598226,39757791,26529,0.29,121.3,0.68,0.1,5,5,3,849
2/1/22,TX,6215585,6626924,39850091,35521,0.276,116.6,0.68,0.1,5,5,3,816.1
2/2/22,TX,6241636,6650000,39937862,26051,0.261,114.3,0.67,0.1,5,5,3,800
2/3/22,TX,6269581,6666612,40005231,27945,0.248,110.9,0.66,0.1,5,5,3,776.4
2/4/22,TX,6291755,6678189,40052548,22174,0.239,102.8,0.65,0.1,5,5,3,719.4
2/5/22,TX,6311946,6690853,40101105,20191,0.229,91,0.64,0.1,5,5,3,636.8
2/6/22,TX,6330004,6701419,40135334,18058,0.221,86.9,0.64,0.1,5,5,3,608.6
2/7/22,TX,6346131,6712499,40185724,16127,0.211,81.8,0.63,0.1,5,5,3,572.7
2/8/22,TX,6361247,6724966,40250689,15116,0.197,71.8,0.63,0.1,3,3,3,502.4
2/9/22,TX,6376499,6735666,40325700,15252,0.181,66.4,0.63,0.1,3,3,3,465.1
2/10/22,TX,6393387,6745026,40397299,16888,0.167,61,0.62,0.1,3,3,3,427
2/11/22,TX,6407956,6753100,40459538,14569,0.155,57.3,0.62,0.1,3,3,3,400.8
2/12/22,TX,6418863,6758971,40500251,10907,0.146,52.7,0.62,0.1,3,3,3,368.7
2/13/22,TX,6426499,6764080,40529846,7636,0.137,47.5,0.62,0.1,3,3,3,332.8
2/14/22,TX,6434576,6769075,40570116,8077,0.128,43.6,0.62,0.1,3,3,3,305
2/15/22,TX,6446172,6775441,40635288,11596,0.116,41.8,0.62,0.1,3,3,3,292.9
2/16/22,TX,6454280,6782661,40708159,8108,0.109,38.3,0.62,0.1,3,3,3,268.2
2/17/22,TX,6463676,6788757,40785694,9396,0.101,34.6,0.63,0.1,3,3,3,242.4
2/18/22,TX,6475245,6793632,40850700,11569,0.094,33.2,0.63,0.1,3,3,3,232.1
2/19/22,TX,6483119,6797738,40894933,7874,0.089,31.7,0.64,0.1,3,3,3,221.6
2/20/22,TX,6484696,6799927,40924428,1577,0.083,28.7,0.64,0.1,3,3,3,200.7
2/21/22,TX,6489470,6803081,40962403,4774,0.08,27,0.65,0.1,3,3,3,189.3
2/22/22,TX,6496084,6806863,41033510,6614,0.073,24.6,0.66,0.1,2,2,3,172.1
2/23/22,TX,6501494,6820904,41131272,5410,0.083,23.3,0.67,0.1,2,2,3,162.8
2/24/22,TX,6507786,6823573,41190376,6292,0.079,21.7,0.69,0.1,2,2,3,152.1
2/25/22,TX,6515840,6826552,41245102,8054,0.077,20,0.7,0.1,2,2,3,140
2/26/22,TX,6520281,6828827,41297836,4441,0.072,18.3,0.72,0.1,2,2,3,128.2
2/27/22,TX,6521186,6830414,41321837,905,0.071,18,0.73,0.1,2,2,3,125.8
2/28/22,TX,6525147,6832598,41368224,3961,0.068,17.6,0.75,0.1,2,2,3,123
3/1/22,TX,6526377,6834983,41438471,1230,0.065,14.9,0.77,0.1,2,2,3,104.5
3/2/22,TX,6530387,6837539,41507469,4010,0.042,14.2,0.79,0.1,2,2,2,99.6
3/3/22,TX,6534611,6839519,41574252,4224,0.04,13.2,0.81,0.1,2,2,2,92.5
3/4/22,TX,6538590,6841200,41634208,3979,0.036,11.2,0.83,0.1,2,2,2,78.5
3/5/22,TX,6542514,6842591,41676032,3924,0.035,11,0.86,0.1,2,2,2,76.7
3/6/22,TX,6543032,6843707,41704293,518,0.034,10.8,0.87,0.1,2,2,2,75.3
3/7/22,TX,6546548,6845044,41747010,3516,0.032,10.5,0.89,0.1,2,2,2,73.8
3/8/22,TX,6551477,6846682,41801565,4929,0.031,12.4,0.91,0.1,2,2,2,86.6
3/9/22,TX,6556613,6848215,41859764,5136,0.029,12.9,0.93,0.1,2,2,2,90.4
3/10/22,TX,6562424,6849505,41911911,5811,0.029,13.7,0.94,0.1,2,2,2,95.9
3/11/22,TX,6570583,6850613,41972568,8159,0.027,15.8,0.95,0.1,2,2,3,110.3
3/12/22,TX,6573703,6851515,42021329,3120,0.025,15.4,0.97,0.1,2,2,3,107.6
3/13/22,TX,6574814,6852263,42044150,1111,0.025,15.7,0.98,0.1,2,2,3,109.6
3/14/22,TX,6576267,6853196,42084936,1453,0.024,14.6,0.98,0.1,2,2,3,102.5
3/15/22,TX,6579483,6854340,42140971,3216,0.022,13.8,0.99,0.1,2,2,2,96.6
3/16/22,TX,6582402,6855621,42199308,2919,0.021,12.7,1,0.1,2,2,2,88.9
3/17/22,TX,6587244,6856805,42258928,4842,0.021,12.2,1,0.1,2,2,2,85.6
3/18/22,TX,6590459,6857828,42299466,3215,0.022,9.8,1,0.1,1,1,2,68.5
3/19/22,TX,6591895,6858527,42332157,1436,0.022,9,1,0.1,1,1,2,62.7
3/20/22,TX,6594063,6859241,42354496,2168,0.022,9.5,1,0.1,1,1,2,66.4
3/21/22,TX,6596009,6860140,42400654,1946,0.022,9.7,0.99,0.1,1,1,2,68.1
3/22/22,TX,6601245,6861316,42454885,5236,0.022,10.7,0.98,0.1,2,2,2,75.1
3/23/22,TX,6613544,6862508,42506252,12299,0.022,15.3,0.97,0.1,2,2,3,107.4
3/24/22,TX,6619675,6863628,42544672,6131,0.023,16,0.96,0.1,2,2,3,111.8
3/25/22,TX,6623929,6864675,42589380,4254,0.023,16.5,0.95,0.1,2,2,3,115.4
3/26/22,TX,6628799,6865464,42629478,4870,0.023,18.2,0.94,0.1,2,2,3,127.3
3/27/22,TX,6629143,6866073,42644206,344,0.023,17.3,0.92,0.1,2,2,3,121
3/28/22,TX,6629827,6866978,42673464,684,0.024,16.7,0.91,0.1,2,2,3,116.6
3/29/22,TX,6635130,6868133,42713163,5303,0.026,16.7,0.89,0.1,2,2,3,116.9
3/30/22,TX,6637662,6869278,42753819,2532,0.027,11.9,0.88,0.1,2,2,2,83.2
3/31/22,TX,6641276,6870260,42795565,3614,0.026,10.6,0.87,0.1,2,2,2,74.5
4/1/22,TX,6644016,6871304,42827817,2740,0.027,9.9,0.86,0.1,1,1,2,69.3
4/2/22,TX,6646799,6871973,42845520,2783,0.029,8.9,0.85,0.1,1,1,2,62.1
4/3/22,TX,6647711,6872318,42852667,912,0.029,9.1,0.85,0.1,1,1,2,64
4/4/22,TX,6650173,6872971,42869418,2462,0.03,10,0.85,0.1,1,1,2,70.2
4/5/22,TX,6653305,6873770,42891496,3132,0.031,9,0.85,0.1,1,1,2,62.7
4/6/22,TX,6655989,6874245,42903724,2684,0.032,9,0.85,0.1,1,1,2,63.2
4/7/22,TX,6660051,6874858,42922678,4062,0.035,9.3,0.86,0.1,1,1,2,64.8
4/8/22,TX,6662633,6875881,42947221,2582,0.037,9.2,0.87,0.1,1,1,2,64.2
4/9/22,TX,6665189,6876753,42966738,2556,0.038,9.1,0.88,0.1,1,1,2,63.4
4/10/22,TX,6666061,6877395,42978944,872,0.039,9,0.89,0.1,1,1,2,63.3
4/11/22,TX,6667777,6878230,42999971,1716,0.039,8.7,0.91,0.1,1,1,2,60.7
4/12/22,TX,6670215,6879414,43027464,2438,0.04,8.3,0.92,0.1,1,1,2,58.3
4/13/22,TX,6673442,6880483,43052806,3227,0.04,8.6,0.93,0.1,1,1,2,60.2
4/14/22,TX,6676474,6881590,43078077,3032,0.042,8.1,0.95,0.1,1,1,2,56.6
4/15/22,TX,6676524,6882520,43097591,50,0.042,6.8,0.96,0.1,1,1,1,47.9
4/16/22,TX,6676524,6883392,43112227,0,0.044,6.6,0.97,0.1,1,1,1,46
4/17/22,TX,6676524,6883867,43120115,0,0.044,7.1,0.98,0.1,1,1,1,49.9
4/18/22,TX,6682544,6884429,43132444,6020,0.045,7.3,0.99,0.1,1,1,2,50.9
4/19/22,TX,6685923,6885282,43149660,3379,0.046,7.7,1,0.1,1,1,2,54.2
4/20/22,TX,6688560,6886136,43166200,2637,0.047,7.4,1.01,0.1,1,1,2,52.1
4/21/22,TX,6691377,6887064,43183438,2817,0.049,7.3,1.02,0.1,1,1,2,51.4
4/22/22,TX,6695085,6888050,43201516,3708,0.051,9.1,1.02,0.1,1,1,2,64
4/23/22,TX,6697361,6888831,43214884,2276,0.05,9.3,1.03,0.1,1,1,2,64.9
4/24/22,TX,6698471,6889247,43221495,1110,0.05,8.8,1.03,0.1,1,1,2,61.8
4/25/22,TX,6699714,6890070,43234481,1243,0.052,8.5,1.04,0.1,1,1,2,59.2
4/26/22,TX,6702270,6891297,43253571,2556,0.055,8.1,1.04,0.1,1,1,2,56.4
4/27/22,TX,6704783,6891983,43263518,2513,0.057,8,1.04,0.1,1,1,2,55.9
4/28/22,TX,6707498,6892899,43278647,2715,0.058,7.9,1.05,0.1,1,1,2,55.6
4/29/22,TX,6710321,6894440,43301642,2823,0.06,7.5,1.05,0.1,1,1,2,52.5
4/30/22,TX,6712867,6895365,43315227,2546,0.061,7.6,1.06,0.1,1,1,2,53.5
5/1/22,TX,6714345,6896375,43324534,1478,0.065,7.8,1.06,0.1,1,1,2,54.7
5/2/22,TX,6716964,6897397,43336566,2619,0.067,8.5,1.07,0.1,1,1,2,59.5
5/3/22,TX,6719204,6898438,43349807,2240,0.069,8.3,1.08,0.1,1,1,2,58.4
5/4/22,TX,6721982,6900140,43370288,2778,0.071,8.5,1.08,0.1,1,1,2,59.3
5/5/22,TX,6726454,6901565,43387819,4472,0.074,9.3,1.09,0.1,1,1,2,65.4
5/6/22,TX,6729383,6903284,43407023,2929,0.077,9.4,1.1,0.1,1,1,2,65.7
5/7/22,TX,6732109,6904940,43423287,2726,0.081,9.5,1.1,0.1,1,1,2,66.4
5/8/22,TX,6733875,6906271,43433897,1766,0.083,9.6,1.11,0.1,1,1,2,67.4
5/9/22,TX,6736335,6907978,43448849,2460,0.086,9.5,1.11,0.1,1,1,2,66.8
5/10/22,TX,6739254,6910438,43468782,2919,0.092,9.9,1.11,0.1,1,1,2,69.1
5/11/22,TX,6742555,6912929,43489953,3301,0.097,10.1,1.12,0.1,2,2,2,71
5/12/22,TX,6746823,6915227,43510610,4268,0.1,10,1.12,0.1,1,1,3,70.2
5/13/22,TX,6752655,6917184,43527407,5832,0.104,11.5,1.12,0.1,2,2,3,80.3
5/14/22,TX,6755625,6919326,43542904,2970,0.107,11.6,1.12,0.1,2,2,3,81.1
5/15/22,TX,6757705,6921365,43555793,2080,0.11,11.7,1.12,0.1,2,2,3,82.2
5/16/22,TX,6759746,6924334,43576236,2041,0.114,11.5,1.12,0.1,2,2,3,80.7
5/17/22,TX,6762898,6927957,43601082,3152,0.117,11.6,1.12,0.1,2,2,3,81.5
5/18/22,TX,6767768,6932085,43626761,4870,0.123,12.4,1.12,0.1,2,2,3,87
5/19/22,TX,6772651,6936055,43652857,4883,0.128,12.7,1.12,0.1,2,2,3,89.1
5/20/22,TX,6777665,6939929,43677039,5014,0.132,12.3,1.12,0.1,2,2,3,86.3
5/21/22,TX,6781902,6943551,43697472,4237,0.135,12.9,1.12,0.1,2,2,3,90.6
5/22/22,TX,6785917,6946330,43710153,4015,0.139,13.9,1.13,0.1,2,2,3,97.3
5/23/22,TX,6790427,6949414,43727470,4510,0.142,15.1,1.13,0.1,2,2,3,105.8
5/24/22,TX,6794294,6953877,43750727,3867,0.148,15.5,1.13,0.1,2,2,3,108.3
5/25/22,TX,6798924,6957679,43770975,4630,0.151,15.3,1.14,0.1,2,2,3,107.4
5/26/22,TX,6804540,6961498,43791509,5616,0.155,15.7,1.14,0.1,2,2,3,110
5/27/22,TX,6809910,6965642,43813260,5370,0.159,15.9,1.15,0.1,2,2,3,111.2
5/28/22,TX,6809910,6969156,43829436,0,0.163,16.2,1.15,0.1,2,2,3,113.3
5/29/22,TX,6809910,6972282,43841938,0,0.165,16.6,1.15,0.1,2,2,3,116.2
5/30/22,TX,6809910,6974380,43852593,0,0.166,16.8,1.15,0.1,2,2,3,117.4
5/31/22,TX,6829302,6978499,43871147,19392,0.17,17.2,1.15,0.1,2,2,3,120.7
6/1/22,TX,6834336,6984413,43895102,5034,0.177,17.4,1.14,0.1,2,2,3,122.1
6/2/22,TX,6841226,6990436,43917738,6890,0.186,18.1,1.14,0.1,2,2,3,126.5
6/3/22,TX,6848710,6997379,43944967,7484,0.194,19.1,1.14,0.1,2,2,3,133.8
6/4/22,TX,6855742,7003466,43966469,7032,0.2,20.2,1.13,0.1,2,2,3,141.3
6/5/22,TX,6861497,7008748,43980811,5755,0.208,20.6,1.12,0.1,3,2,3,144.5
6/6/22,TX,6867177,7012662,43995015,5680,0.212,21,1.11,0.1,3,2,3,147.3
6/7/22,TX,6872945,7017580,44012789,5768,0.216,21.5,1.1,0.1,3,2,3,150.5
6/8/22,TX,6880156,7021711,44029055,7211,0.218,22.6,1.1,0.1,3,2,3,158
6/9/22,TX,6888382,7025241,44043821,8226,0.216,23.2,1.09,0.1,3,2,3,162.6
6/10/22,TX,6894892,7028571,44059052,6510,0.215,22.8,1.09,0.1,3,2,3,159.3
6/11/22,TX,6901789,7032609,44072995,6897,0.215,22.7,1.08,0.1,3,2,3,158.8
6/12/22,TX,6907225,7037802,44087566,5436,0.214,22.5,1.08,0.1,3,2,3,157.7
6/13/22,TX,6914940,7042394,44103173,7715,0.216,23.5,1.08,0.1,3,2,3,164.7
6/14/22,TX,6922180,7047914,44122002,7240,0.217,24.3,1.08,0.1,3,2,3,169.8
6/15/22,TX,6929063,7054280,44141373,6883,0.225,24.1,1.08,0.1,3,2,3,168.7
6/16/22,TX,6937216,7060074,44160158,8153,0.23,24.1,1.09,0.1,3,2,3,168.4
6/17/22,TX,6943402,7065239,44178046,6186,0.236,23.9,1.09,0.1,3,2,3,167.3
6/18/22,TX,6948497,7069847,44192899,5095,0.237,23,1.09,0.1,3,2,3,161.1
6/19/22,TX,6952062,7074101,44204897,3565,0.236,22.1,1.09,0.1,3,2,3,154.6
6/20/22,TX,6955196,7078322,44216461,3134,0.241,19.8,1.09,0.1,3,2,3,138.8
6/21/22,TX,6973244,7084787,44234008,18048,0.248,25.2,1.09,0.1,3,3,3,176.1
6/22/22,TX,6981043,7093587,44258345,7799,0.252,25.6,1.09,0.1,3,3,3,179.3
6/23/22,TX,6992400,7102511,44285689,11357,0.253,27.2,1.09,0.1,3,3,3,190.3
6/24/22,TX,7003902,7111608,44314010,11502,0.254,29.8,1.08,0.1,3,3,3,208.7
6/25/22,TX,7013052,7117991,44331019,9150,0.258,31.8,1.08,0.1,3,3,3,222.6
6/26/22,TX,7022250,7123288,44343316,9198,0.262,34.6,1.07,0.1,3,3,3,242.1
6/27/22,TX,7032090,7129855,44358431,9840,0.266,37.9,1.07,0.1,3,3,3,265.2
6/28/22,TX,7042328,7132668,44365093,10238,0.268,34,1.06,0.1,3,3,3,238.3
6/29/22,TX,7052747,7136709,44374870,10419,0.27,35.3,1.06,0.1,3,3,3,247.3
6/30/22,TX,7066108,7141031,44385732,13361,0.278,36.3,1.06,0.1,3,3,3,254.2
7/1/22,TX,7079050,7142606,44389380,12942,0.291,37,1.06,0.1,3,3,3,259.2
7/2/22,TX,7079050,7145918,44397619,0,0.295,34.1,1.06,0.1,3,3,3,238.5
7/3/22,TX,7079050,7149263,44403999,0,0.3,31.1,1.07,0.1,3,3,3,217.6
7/4/22,TX,7079050,7152914,44412057,,0.301,,1.07,0.1,3,3,3,
7/5/22,TX,7115932,7162196,44432621,,0.304,,1.07,0.1,3,3,3,
7/6/22,TX,7125382,7174981,44461589,9450,0.306,24.7,1.08,0.1,3,2,3,172.6
7/7/22,TX,7136990,7187688,44491713,11608,0.306,23.5,1.08,0.1,3,2,3,164.2
7/8/22,TX,7149032,7199574,44522015,12042,0.3,22.8,1.09,0.1,3,2,3,159.8
7/9/22,TX,7161332,7210560,44545662,12300,0.304,29.1,1.09,0.1,3,3,3,204
7/10/22,TX,7172452,7219234,44562063,11120,0.307,34.6,1.09,0.1,3,3,3,242.5
7/11/22,TX,7185050,7230295,44585154,12598,0.309,36.1,1.08,0.1,3,3,3,252.8
7/12/22,TX,7197210,7242653,44612830,12160,0.309,36.9,1.08,0.1,3,3,3,258.6
7/13/22,TX,7209723,7255594,44641935,12513,0.309,41.6,1.07,0.1,3,3,3,290.9
7/14/22,TX,7224178,7267391,44669639,14455,0.309,43,1.06,0.1,3,3,3,300.7
7/15/22,TX,7238398,7280003,44700886,14220,0.31,44,1.05,0.1,3,3,3,308.2
7/16/22,TX,7250043,7289814,44722652,11645,0.309,43.7,1.04,0.1,3,3,3,305.9
7/17/22,TX,7259906,7297512,44739043,9863,0.307,43.1,1.03,0.1,3,3,3,301.6
7/18/22,TX,7271999,7307931,44761886,12093,0.305,42.8,1.02,0.1,3,3,3,299.9
7/19/22,TX,7282190,7320208,44789155,10191,0.305,41.9,1.01,0.1,3,3,3,293.1
7/20/22,TX,7295637,7333454,44819062,13447,0.305,42.3,1,0.1,3,3,3,296.3
7/21/22,TX,7308405,7345791,44848427,12768,0.305,41.5,0.99,0.1,3,3,3,290.5
7/22/22,TX,7323100,7357501,44877185,14695,0.305,41.7,0.98,0.1,3,3,3,292.1
7/23/22,TX,7333378,7367443,44898581,10278,0.306,41.1,0.97,0.1,3,3,3,287.4
7/24/22,TX,7343487,7375408,44914465,10109,0.308,41.2,0.97,0.1,3,3,3,288.3
7/25/22,TX,7355379,7385651,44938509,11892,0.306,41.1,0.96,0.1,3,3,3,287.6
7/26/22,TX,7365329,7397201,44967539,9950,0.301,41,0.96,0.1,3,3,3,286.7
7/27/22,TX,7376405,7409337,44996707,11076,0.299,39.8,0.96,0.1,3,3,3,278.5
7/28/22,TX,7390299,7420101,45025343,13894,0.296,40.3,0.96,0.1,3,3,3,282.4
7/29/22,TX,7403953,7430509,45052990,13654,0.293,39.8,0.96,0.1,3,3,3,278.8
7/30/22,TX,7403953,7439470,45074045,0,0.291,39.4,0.96,0.1,3,3,3,276.1
7/31/22,TX,7403953,7445726,45087771,0,0.289,39.1,0.95,0.1,3,3,3,273.9
8/1/22,TX,7432377,7454142,45107472,28424,0.288,37.9,0.95,0.1,3,3,3,265.5
8/2/22,TX,7446628,7463942,45133243,14251,0.287,40.1,0.95,0.1,3,3,3,280.4
8/3/22,TX,7456894,7473358,45155688,10266,0.287,39.7,0.95,0.1,3,3,3,277.6
8/4/22,TX,7468278,7482720,45179517,11384,0.289,38.4,0.95,0.1,3,3,3,268.9
8/5/22,TX,7480626,7491282,45202824,12348,0.289,37.8,0.95,0.1,3,3,3,264.4
8/6/22,TX,7480626,7498141,45219934,0,0.287,37.2,0.94,0.1,3,3,3,260.5
8/7/22,TX,7480626,7503768,45231874,0,0.287,36.6,0.94,0.1,3,3,3,256.5
8/8/22,TX,7505592,7510434,45249561,24966,0.284,36.1,0.94,0.1,3,3,3,252.5
8/9/22,TX,7513592,7518873,45272988,8000,0.282,33,0.93,0.1,3,3,3,230.9
8/10/22,TX,7524335,7527540,45296867,10743,0.277,33.2,0.93,0.1,3,3,3,232.6
8/11/22,TX,7535751,7535452,45321405,11416,0.271,33.2,0.93,0.1,3,3,3,232.7
8/12/22,TX,7549599,7542423,45342501,13848,0.268,34,0.93,0.1,3,3,3,237.9
8/13/22,TX,7549599,7548995,45359815,0,0.267,30,0.92,0.1,3,3,3,209.9
8/14/22,TX,7550048,7554047,45371327,449,0.265,26,0.92,0.1,3,3,3,182
8/15/22,TX,7571889,7559596,45388394,21841,0.262,32.7,0.92,0.1,3,3,3,228.6
8/16/22,TX,7579903,7566746,45411045,8014,0.257,32.7,0.92,0.1,3,3,3,228.7
8/17/22,TX,7588706,7574337,45434144,8803,0.254,31.7,0.92,0.1,3,3,3,222
8/18/22,TX,7598862,7581385,45457060,10156,0.253,31.1,0.93,0.1,3,3,3,217.7
8/19/22,TX,7608053,7587640,45478775,9191,0.249,28.8,0.93,0.1,3,3,3,201.6
8/20/22,TX,7608053,7593879,45496442,0,0.247,32,0.93,0.1,3,3,3,223.8
8/21/22,TX,7608053,7598698,45509072,0,0.245,35.1,0.93,0.1,3,3,3,245.9
8/22/22,TX,7628016,7604518,45528101,19963,0.243,27.7,0.94,0.1,3,3,3,193.6
8/23/22,TX,7634418,7612318,45552300,6402,0.244,26.9,0.94,0.1,3,3,3,188
8/24/22,TX,7642337,7619902,45576722,7919,0.242,26.4,0.94,0.1,3,3,3,185
8/25/22,TX,7651418,7627395,45602587,9081,0.24,25.9,0.94,0.1,3,3,3,181.3
8/26/22,TX,7661035,7634843,45628686,9617,0.239,26.1,0.94,0.1,3,3,3,182.7
8/27/22,TX,7661035,7641055,45648312,0,0.237,23,0.94,0.1,3,2,3,161.2
8/28/22,TX,7661835,7645969,45661396,800,0.237,19.9,0.94,0.1,3,2,3,139.6
8/29/22,TX,7679742,7651992,45681675,17907,0.236,25.5,0.94,0.1,3,3,3,178.4
8/30/22,TX,7690512,7659713,45709309,10770,0.232,27.6,0.94,0.1,3,3,3,193.5
8/31/22,TX,7698801,7667056,45736535,8289,0.228,27.8,0.93,0.1,3,3,3,194.7
9/1/22,TX,7708889,7673606,45761954,10088,0.225,28.3,0.93,0.1,3,3,3,198.2
9/2/22,TX,7718784,7679703,45786866,9895,0.221,28.5,0.92,0.1,3,3,3,199.2
9/3/22,TX,7718784,7684353,45805395,0,0.216,28.3,0.91,0.1,3,3,3,198
9/4/22,TX,7718784,7687705,45817219,0,0.211,28.1,0.91,0.1,3,3,3,196.8
9/5/22,TX,7718943,7690358,45828182,159,0.208,19.3,0.9,0.1,3,2,3,135.2
9/6/22,TX,7742557,7694851,45847161,23614,0.203,25.6,0.89,0.1,3,3,3,179.5
9/7/22,TX,7747901,7700834,45872779,5344,0.199,24.2,0.88,0.1,2,2,3,169.3
9/8/22,TX,7754804,7706399,45897637,6903,0.195,22.6,0.87,0.1,2,2,3,158.4
9/9/22,TX,7761129,7711161,45921367,6325,0.19,20.9,0.87,0.1,2,2,3,146
9/10/22,TX,7761129,7714916,45938568,0,0.187,23.4,0.86,0.1,2,2,3,163.7
9/11/22,TX,7761129,7717565,45950077,0,0.184,25.9,0.85,0.1,3,3,3,181.4
9/12/22,TX,7776649,7721192,45968300,15520,0.18,28.4,0.84,0.1,3,3,3,199
9/13/22,TX,7777733,7725261,45991323,1084,0.174,17.3,0.83,0.1,2,2,3,121.3
9/14/22,TX,7787036,7728980,46013081,9303,0.167,19.3,0.83,0.1,2,2,3,135
9/15/22,TX,7788616,7732350,46033803,1580,0.16,16.7,0.82,0.1,2,2,3,116.6
9/16/22,TX,7798850,7735358,46053192,10234,0.155,18.6,0.81,0.1,2,2,3,130.1
9/17/22,TX,7798850,7737629,46066920,0,0.15,17.8,0.81,0.1,2,2,3,124.5
9/18/22,TX,7798850,7739355,46077582,0,0.146,17,0.8,0.1,2,2,3,118.9
9/19/22,TX,7809486,7741817,46093721,10636,0.141,16.2,0.8,0.1,2,2,3,113.2
9/20/22,TX,7810368,7744514,46113983,882,0.136,16.1,0.79,0.1,2,2,3,112.6
9/21/22,TX,7816434,7747202,46134597,6066,0.13,14.5,0.79,0.1,2,2,3,101.4
9/22/22,TX,7817080,7749433,46153822,646,0.125,14,0.79,0.1,2,2,3,98.2
9/23/22,TX,7823891,7751626,46172291,6811,0.12,12.3,0.79,0.1,2,2,3,86.4
9/24/22,TX,7823891,7753285,46185802,0,0.116,11.7,0.79,0.1,2,2,3,81.9
9/25/22,TX,7823891,7754446,46196123,0,0.113,11.1,0.79,0.1,2,2,3,77.5
9/26/22,TX,7830653,7756165,46211412,6762,0.109,10.4,0.79,0.1,2,2,3,73
9/27/22,TX,7831140,7758111,46230934,487,0.104,10.2,0.79,0.1,2,2,3,71.6
9/28/22,TX,7836159,7760058,46250645,5019,0.1,9.7,0.8,0.1,1,1,3,68
9/29/22,TX,7836562,7761767,46269027,403,0.097,9.6,0.8,0.1,1,1,2,67.2
9/30/22,TX,7843328,7763316,46285938,6766,0.093,9.6,0.81,0.1,1,1,2,67
10/1/22,TX,7843328,7764444,46298507,0,0.09,9.4,0.81,0.1,1,1,2,65.7
10/2/22,TX,7843328,7765384,46308060,0,0.089,9.2,0.82,0.1,1,1,2,64.4
10/3/22,TX,7848934,7766659,46322133,5606,0.087,9,0.82,0.1,1,1,2,63
10/4/22,TX,7849298,7768115,46340259,364,0.084,8.9,0.83,0.1,1,1,2,62.6
10/5/22,TX,7852624,7769617,46358607,3326,0.081,8.1,0.84,0.1,1,1,2,56.8
10/6/22,TX,7853077,7771010,46375071,453,0.08,8.1,0.85,0.1,1,1,2,57
10/7/22,TX,7857095,7772252,46390207,4018,0.079,6.8,0.86,0.1,1,1,1,47.5
10/8/22,TX,7857095,7773276,46401888,0,0.079,6.6,0.86,0.1,1,1,1,46.2
10/9/22,TX,7857095,7773960,46410621,0,0.077,6.4,0.87,0.1,1,1,1,45
10/10/22,TX,7861618,7774885,46423208,4523,0.075,6.2,0.88,0.1,1,1,1,43.7
10/11/22,TX,7861974,7775830,46436682,356,0.074,6.2,0.89,0.1,1,1,1,43.7
10/12/22,TX,7865990,7776774,46448593,4016,0.074,6.6,0.9,0.1,1,1,1,46.1
10/13/22,TX,7866301,7777248,46454846,311,0.073,6.5,0.91,0.1,1,1,1,45.6
10/14/22,TX,7870034,7777277,46454846,3733,0.073,6.4,0.92,0.1,1,1,1,44.6
10/15/22,TX,7870034,7777277,46454846,0,0.073,6.4,0.92,0.1,1,1,1,44.8
10/16/22,TX,7870034,7777277,46454846,0,0.073,6.4,0.93,0.1,1,1,1,45
10/17/22,TX,7874724,7777277,46454846,4690,0.073,6.5,0.94,0.1,1,1,1,45.2